,CUSTOMER_NAME,SERIAL_COUNT
0,8429 Danesh bonyan telecom,1
1,AB fazelab ostan esfahan,1
2,AB va Fazelab Ostan Tehran,1
3,ABA NAGHSH TEHRAN,3
4,ABFA Khorasan Razavi Company,6
5,ABTIN PARS PARVAR,1
6,AZARAN,1
7,Aaron Pad,1
8,Ab & Fazelab Ostan Qazvin,2
9,Ab & Fazelab Rostaei Ostan Esfahan,1
10,Ab & Fazelab Shahri Ostan Semnan,31
11,Ab Mantagei Gilan,8
12,Ab Mantaghee Azarbaijan Sharghi,1
13,Ab Mantaghei Fars,2
14,Ab Va Barghe Khuzestan,46
15,Ab Va Fazelab Mantagheh 1 Tehran,21
16,Ab Va Fazelab Mantagheh 2 Tehran,90
17,Ab Va Fazelab Mashhad Co,15
18,Ab fazelab ostan khorasn razavi co,28
19,Ab o Fazelab Khozestan Co,11
20,Ab va Fazelab Kashan,30
21,Ab va Fazelab Ostan Alborz Company,82
22,Ab va Fazelab Ostan Azarbaijan,2
23,Ab va Fazelab Ostan Esfahan,9
24,Ab va Fazelab Ostan Khuzestan,7
25,Ab va bargh kish,1
26,Ab va fazelab boshehr,22
27,Ab va fazelab rostaei khuzestan,1
28,Ab va fazelab rostaei ostan ghom,3
29,Abad Rah Nama,1
30,Abad gostar tasisat iranian co,1
31,Abad rahdar pars,1
32,Abadgaran bar sava co,1
33,Abfaye ostan sistan va baluchestan,14
34,Abniyeh milad kosar,1
35,Aboh farma co,3
36,Abrar Seir pars Co,1
37,Abzarhaye farsi shabakeh,1
38,Abzian sanati robian co,1
39,Adak electronic co,1
40,Adavat rahdari shahab co,4
41,Adel Bad Avar,9
42,Adineh vasl co,1
43,Afagh alvand khavarmiyaneh,1
44,Afkar Sanji Daneshjoyan Iran,1
45,Afrand atlas company,4
46,Afranet Co,1
47,Afranet co,2
48,Afraz enerzhi kavir co,1
49,Ahak sanati setareh omid bahram,2
50,Ahan folad arfa co,2
51,Airya Radis Sanat,1
52,Akam sazan pargas,1
53,Akhavan mohaseb jonob co,1
54,Akpa iran kish co,1
55,Alfa Pardazesh Khavarmiyaneh Co,55
56,Almas Fanavari Nikan Co,1
57,Almas Maseh Fashafouyeh Co,1
58,Almas abi sabor co,1
59,Almaseh sanj co,1
60,Alminiom pars company,1
61,Aluminium Pezhvak Sepahan,3
62,Alvan namaye pars,1
63,Alvvand pars sepahan co,1
64,Alyaft company,2
65,Alyaft zagros peiman,1
66,Amade Laziz Pakhsh Iranian,30
67,Amanda tarh azar abadegan co,1
68,Amar pardazan faraz,3
69,Amayesh dadeh tejarat novin co,1
70,Amir kabir university,1
71,Amir medisa poush,1
72,Amitis Hamta,201
73,Amozesh ali gheir dolati ale taha,1
74,Amozesh fani herfei khorasan,12
75,Amozesh gheir entefaei elmo fan,1
76,Amozesh-parvaresh tehran,10
77,Amozeshgah emam ali,1
78,Amozeshkade fani herfei saveh,1
79,Amozeshkade naghshe bardari,1
80,Amvaj khoroshan niro,3
81,Andisheh Negar,20
82,Andisheh nik kasit co,1
83,Andisheh sazan salamat parsian co,1
84,Anjoman Khaeriyeh Asodeh Mavi,2
85,Anjoman Salamat Khanevadeh Iran,3
86,Anjoman dandanpezeshkan omomi,1
87,Anjoman senfi far'avardehaye nafti,1
88,Anjoman vared konandegan khodro,1
89,Anjomanhaye senfi atbae khareji,235
90,Anzali trade industrial frezone organization,2
91,Anzimhaye sanati iran co,1
92,Aparnak fanavar co,1
93,Aperteman sazi mahestan,1
94,Araj amvaj moj co,1
95,Aram seir espaneh co,1
96,Aran part asia co,1
97,Aras etefage artavil,1
98,Araz fakhr azar co,1
99,Ard andimeshk khuzestan co,1
100,Ard gandom ghafelankoh co,2
101,Ard tejarat co,2
102,Arda dorbin co,1
103,Aria Baron Toss Company,1
104,Aria Fan Abzar Co,2
105,Aria Hamrah Samaneh Co,653
106,Aria Polymer Pish'gam,2
107,Aria San'at Bisotoun e Alvand Co,1
108,Aria pishro shargh co,1
109,Aria sepehr shimi co,1
110,Aria tak hiva caspian,1
111,Aria tarabar asia,2
112,Arian Asansor,112
113,Arian Motor Pouya,3
114,Ario Zhen Pharmed Co,2
115,Ario payam iranian co,50550
116,Aris rayaneh,1
117,Ariya Tarh Mobarakeh Sepahan,1
118,Arka Gostare Eghlim Co,1
119,Arka fidar gheshm co,2
120,Armaghan astaraei co,1
121,Armaghan salamat kish,1
122,Arman Ide Gostar pars,1
123,Arman fakhteh azarbayjan co,10
124,Arman gostar rasekh co,1
125,Arman minaye yazd co,1
126,Arman sayal oxin co,1
127,Arna sanat emertat co,1
128,Arshin bana gharb co,1
129,Arta enerji shargh co,1
130,Arta novin yazdan khorasan co,1
131,Arta shimi aras pad co,1
132,Artin bornaye tehran co,1
133,Arvand charkh company,1
134,Arvin teb co,1
135,Arvin vapayesh shargh co,1
136,Arya bod sazeh co,1
137,Aryana gostar espadana co,1201
138,Aryana zar co,1
139,Asan Ertebadat Pishkhan Arad,35
140,Asan Ertebatat Pish'khan Arad,232
141,Asan Pardakht Persian Co.,33
142,Asan tejarat electoronic khalagh co,2
143,Asan tejarat mahan co,2
144,Asan tejarat melal vazin co,1
145,Asanbaran arshian,1
146,Asia Sarmayeh Houshiar,1
147,Asia Shahre Ayrik Co,2
148,Asia andisheh kish,2
149,Asman sanat khavaran co,1
150,Asr ertebatat company,1
151,Asr parvaz co,1
152,Astan Qods Razavi,6
153,Astana Ashrafieh Municipality,2
154,Ati Shahr Hoshmand Iranian,11
155,Atieh Farzandan Vatan,18
156,Atiyeh Sazan Mehr Akram,8
157,Atlas Tejarat Novin Diba,2
158,Atlas vazin mihan co,1
159,Atron Sanat sirjan,1
160,Ava ertebat sima nama co,1
161,Avaye Jahanbine Parsian,4
162,Avaye pardis salamt o,2
163,Ayandeh Andishan Mahan Farzam Co,1
164,Ayandeh Bank,2
165,Ayandeh KishBeialmelali E Afsanesazan E,1
166,Ayandeh Pazhouhan No'Avar Kargosha,1
167,Ayandeh andishan iranian,2
168,Ayandeh gostar talesh,2
169,Ayandeh negaran si sarve,1
170,Ayandeh pardaz partak co,1
171,Ayandeh sazan danesh fanavari tamim,1
172,Ayandehsazan kahkesshan narm afzar,4
173,Azar Gousht Laziz Co,1
174,Azar Setaviz Tabriz,4
175,Azar bazargan sahand iranian,1
176,Azar darman tabriz co,1
177,Azar mehr sanat co,2
178,Azarbayjan Bilding,1
179,Azarng sazeh parsomash,1
180,Azin bespar bazazma,1
181,Azin khodro,3
182,Azin sazehaye Moein,1
183,Azma Pouyandegan Karafarin,1
184,Azma pazhohan kamyab sanat,2
185,Azmayeshgah Fani Va mechanic Khak,125
186,Azmayeshgah dr daneshbod co,1
187,Azmayeshgah fani va mecanic khak,100
188,Azmon palar zagros,1
189,BAT Pars,35
190,Baeya ghaem baryaks,2
191,Bahar aram co,1
192,Baharan,254
193,Baheran Sanat nikoo,3
194,Bahman Dizel Co,1
195,Bahman System Donya Pardazesh Co,3
196,Bahre Bardari Nirougah Tarasht,1
197,Bahrebardari Azad Rah Tehran-Shomal,8
198,Bahrehbardari Nirougah Saba Co,2
199,Bakhtar Group,3
200,Bam sazeh danesh co,1
201,Bamdad nan zagros co,1
202,Bandar Lengeh Ports and Maritime Organization,20
203,Bani mod ara katan,4
204,Bank Gardeshgari,438
205,Bank Maskan,2
206,Bank Meli,39
207,Bank Refah,813
208,Bank Saderat Iran,14
209,Bank Shahr,762
210,Bank Tejarat,10
211,Bank Tosse Tavon,85
212,Bank gharzolhasaneh mehr iran,55
213,Bank iran zamin,9
214,Bank mehr eghtesad-mashhad,1
215,Bank sanat va madan,64
216,Baran rayaneh tehran,1
217,Barekat sofreh Iranian,2
218,Bargh Estehkam Novin,1
219,Bargh computer daneshgah shiraz,1
220,Bargh manteghehei azarbayjan,89
221,Barij Essence,14
222,Barin sanatgaran bamdad co,1
223,Barsam Pakhsh nemoneh pars,1
224,Barsam tejarat prgas co,1
225,Bartar andishan sanabad co,1
226,Bashgah Gardeshgari Iranian Company,2
227,Baspar saze alvand,2
228,Bastani roz co,2
229,Baya tejarat tam,2
230,BazAfarini Shahri Tehran,3
231,Bazar Gostar Pegah Company,30
232,Bazar gostar pegah mantagheh4,5
233,Bazargabi shayegh,1
234,Bazargani Foulad Pardazan Takin,1
235,Bazargani Kara Ravesh Saba,25
236,Bazargani Nariman Persia Co,1
237,Bazargani Saipa Yadak Company,3
238,Bazargani Shahd afarin golzar,3
239,Bazargani Zaferan Esfadan Co,1
240,Bazargani asman zarin saveh co,1
241,Bazargani beinolmellali versa asia mobin,1
242,Bazargani bidar co,1
243,Bazargani hokoh tejarat sadaf,1
244,Bazargani pars shid co,1
245,Bazargani tamkin parsa co,3
246,Bazarganie Amin Bartar Eghtesade Milad,680
247,Bazrasi Fani Fallat Pezhvak,3
248,Bazresi fani behineh sazan etemad,1
249,Bazresi kol ostan ardebil,2
250,Beh Pakhsh Darou Behshahr Co,1
251,Beh Pardakht Mellat Co,136650
252,Behbod gostar andisheh co,1
253,Behdasht & Darman San'at Naft,10
254,Behdasht.GOV,30
255,Behin Shari'at Ata Malek Co,1
256,Behineh rasam pars,1
257,Behineh saz enerzhi tondar aras,1
258,Behkar kosar sabalan,1
259,Behran Asanbar,2
260,Behran Asanbar co,2
261,Behsa abniyeh sazan akam,1
262,Behsima samaneh iranian,1
263,Behso niro shargh co,1
264,Beinolmelali Mashkoot Alrasoul,2
265,Beynolmelali Pars Adle Arian,3
266,Beynolmelali hag bar co,2
267,Beynolmelali mohnadesi iran airtek,5
268,Bimarestan kheiriyeh emam sajad,1
269,Bimarestan ravanpezeshki ahvaz,1
270,Bimeh Hafez,5
271,Bimeh Mellat,1
272,Bimeh Negin Parsian Imen Pad,1
273,Bimeh Salamat Ostan Mazandaran,2
274,Bimeh Sarmad,27
275,Bimeh alborz,1
276,Bimeh asia co,1
277,Bimeh hafez co,15
278,Bimeh parsian co,1
279,Bimeh salamat ostan qazvin,1
280,Bimeh saman co,2
281,Bina Cheshm Tehran,8
282,Bina pardaz shargh,1
283,Biogong teknik asanbar co,1
284,Birtak co,1
285,Bolor nori tazeh,3
286,Bonyad Shahid Va Omour Isargaran,1
287,Bonyad kheiriyeh noavaran salamat,1
288,Bonyad kheiriyeh tabataei-kodakan,1
289,Bonyad shahid va eisargaran tehran,1
290,Bonyad taavon jomhori eslami,4
291,Bonyad toseh va omran moghofat,1
292,Bonyade Maskan Azarbayjan Gharbi,1
293,Bonyan Foolad Ghavam Co,1
294,Bonyan Tavane Jam Co,1
295,Bors oragh bahadar tehran,1
296,Botan Company,2
297,Boton Nama Mostahkam Rooz Co,1
298,Bourse Bimeh Iran Brokerage Co.,1
299,Bozorgrah rayaneh pershian co,12
300,Bushehr University of Medical Sciences,2
301,"Cancer Research,Treatment&Education",1
302,Caspian Airlines Co,17
303,Caspian Electronic Shayan Co,1
304,Chang electronic tehran co,1
305,Chap va basteh bandi asan ghazvin,1
306,Chekad noavaran asr etelaat co,1
307,Cheshm Andaz Ertebat Company,1
308,Chika nik tejarat,1
309,China sadern airlines,1
310,Chineh,1
311,Computeri osveh iran company,1
312,Control Traffic Tehran Co.,120
313,Control farayand pasargad,1
314,Corporate Affairs,10
315,DADGOSTARI KOLE  KHORASAN RAZAVI,1
316,DAGHIGH SANG AZMA,2
317,DHL International Iran Co,9
318,Dabeestan pesaraneh tolo1,1
319,Dabestan dokhtaraneh fereshteh,1
320,Dabestan dokhtaraneh saemeh co,1
321,Dabestan dokhtaraneh shahid emami,1
322,Dabestan iran,1
323,Dabestan pesaraneh shahid dastgerdi,1
324,Dabestan zafar co,1
325,Dabirestan Iraj Feizi,1
326,Dabirestan alameh heli2,1
327,Dabirestan dr mehdi,1
328,Dadash Baradar Company,1
329,Dadeh Pardaz MakanSystem Daneshmand,1
330,Dadeh Pardaz Para Samaneh Pars,1
331,Dadeh Pardazan Mandegar Elahieh,50
332,Dadeh gostar karamoz roz co,1
333,Dadeh kavan hoshmand tousan co,1
334,Dadeh kavan meyar gostar tous,2
335,Dadeh pardaz azar andishesh negar,1
336,Dadeh pardazan ati porozheh,1
337,Dadeh pardazan doran,1
338,Dadeh pardazi raspin a,1
339,Dadehpardazan ayandeh zamin,1
340,Dadehvarzi Faradis Alborz,1
341,Dadgostari kol ostan Ilam,1
342,Dadgostari kol ostan ardebil,2
343,Dadgostari ostan esfahan,2
344,Dadsetani kole keshvar,1
345,Daftar markazi jahad daneshgahi,114
346,Daftar moghofat mobin,1
347,Daftar rahbari dar olom pezeshi,1
348,Daftar tablighat hozeh elmiyeh ghom,1
349,Dal gostar biston co,1
350,Dam O Toyour Abziyan Fara Daneh,1
351,Damaneh sanat tochal co,1
352,Dampezeshki shahrestan andimeshk,1
353,Danesh Parsian Co,1
354,Danesh Pazhohan Adlan,2
355,Danesh control farda co,1
356,Daneshgah Azad Eslami Andimeshk,1
357,Daneshgah Oloum Pezashki Shiraz,53
358,Daneshgah Oloum Pezeshki Babol,5
359,Daneshgah Oloum Pezeshki Kerman,5
360,Daneshgah Oloum Pezeshki Tehran,4430
361,Daneshgah Olum Pezashki JondiShapor,21
362,Daneshgah Olum Pezeshki Rafsanjan,50
363,Daneshgah San'at Naft,3
364,Daneshgah azad eslami vahed bandar,1
365,Daneshgah elm fanavari mazandaran,4
366,Daneshgah olom pezeshki esfaha,1
367,Daneshgah oloum pezeshki va khadamat behdashti darmani jahrom,1
368,Daneshgah oloum pezeshki va khadamat behdashti darmanie asad abad,1
369,Daneshgah oloum pezeshki va khadamat behdashti darmanie gilan,522
370,Daneshgha Olum Pezeshki Neyshabour,1
371,Daneshkade Oloum Pezeshki Khomein,1
372,Daneshkadeh fani bahonar-shiraz,2
373,Daneshkadeh fani herfei,1
374,Danfous pars,3
375,Danun Labani Pars,7
376,Dara alborz roksan,25
377,Darbsazan imen fak,1
378,Darion sanat,1
379,Darmangah Takhasosi Fajr,1
380,Daro behdasht shafa arad,10
381,Daro darman nozhan co,1
382,Daro gostar barij esans co,1
383,Daro gostar maysa co,1
384,Daro sazi tehran shimi co,1
385,Darosazi shahid ghazi,2
386,Darousazan panjom shahrivar eshragh,2
387,Darousazi Farabi,2
388,Darvazeh sabz asia,3
389,Daryab bon tajhiz co,1
390,Daryaei mohandesi keshtirani qom,1
391,Daryafarin iranian co,1
392,Datin arian gheshm co,15
393,Datis arian gheshm,40
394,Davandegan hoshmand javid co,1
395,Day Bank,282
396,Daya beh ara co,10
397,Dehkadeh Sabz Posh,1
398,Dehkadeh shirin iranian,1
399,Dehyarihaye bakhsh markazi tabriz,1
400,Delta niroye gamron,1
401,Derayat sanjesh marjan dor co,1
402,Development of sea and port service,1
403,Dey Company,1
404,Dez pelastic dezfol co,1
405,Dezh Iran Kisan Sanat,100
406,Dezh gostar khorasan,1
407,Dezhdis sepahan co,2
408,Dezhsan Band,1
409,Diba jamegan ofogh co,1
410,Diba poshan hirsa co,1
411,Diba teb pars co,3
412,Dibagaran asia gostar javan co,1
413,Did bartar pars bahmani,1
414,Dideh Ban Net Co,313
415,Dideh ban dezh control,2
416,Dizel motor bakhtar co,1
417,Donya pardaz zharf co,1
418,Donyaye pardazesh,2
419,Doraghi co,1
420,E.A University of Applied Science,1
421,EB E-shop,3032
422,EB Migration,725
423,Edare Amval Bonyad AzarbaijanGharbi,1
424,Edare Banader&darya navardi-Gilan,4
425,Edare Kol Amouzesh & Parvaresh Fars,1
426,Edare Kol Pezeshki Ghanouni Khouzestan,3
427,Edare Kole Pezeshki Ghanoni Ostan Kerman,20
428,Edare Kole Pezeshki Ghanoni Ostan Semnan,3
429,Edare Oghaf Nahieh 5 Shiraz Co,1
430,Edare kol varzesh javanan esfahan,4
431,Edare kol varzesh javanan khuzestan,3
432,Edareh Kol Pezeshki Ghanouni Ostan Ghom,1
433,Edareh Kolle Pezeshki Ghanounie Ostane Yazd,12
434,Edareh hefazat mohit zist,1
435,Edareh kol amozesh fani azarbayjan,7
436,Edareh kol amozesh parvaresh yazd,1
437,Edareh kol amozesh parvareshesfahan,2
438,Edareh kol dampezeshki khorasan,4
439,Edareh kol estandard hormozgan,1
440,Edareh kol farhang va ershad  eslami ostan fars,71
441,Edareh kol havashenasi azarbayjan,2
442,Edareh kol miras farhangi khorasan,2
443,Edareh kol naghshebardari shomal,2
444,Edareh kol pezeshki ghanoni fars,1
445,Edareh kol varzesh  va javanan ostan  azarbayjan sharghi,11
446,Edareh kol zendanhaye ostan isfahan,1
447,Edareh taavon karo refah ejtemaei,1
448,Edareh varzesh javanan azarbayjan,1
449,Edareye Haml o Naghle Jaddei,8
450,Edareye Kole Pezeshki Ghanoni Ostan Eilam,8
451,Edarh kol amozesh va parvarsh fars,1
452,Eftekhar gohar iranian,1
453,Eghlim Sanaat Sepanta,1
454,Eghtesade Farhangian Zanjan,4
455,Ehdas niro alvand co,1
456,Ehdas va Bahrebardari Azad Rah Tehran shomal,2
457,Ehya darman daro,1
458,Ehya darman part,2
459,Eideh pardazan jahan proje co,1
460,Eideh sanat atbin,4
461,Eideh vizhen ertebatat co,1
462,Eilia rastin khavrmiyaneh,2
463,Eima tak sanat tabriz,1
464,Eimen tajhiz rahnama,1
465,Eiver daria,1
466,Ekbatan rayan alborz co,1
467,Eksir Mohandesi Mecatronic Aras,1
468,Ekteshafi madani zarkavan arasbaran,1
469,Electric Khodro shargh,1
470,Electro Maskan Tahvie Paytakht,14
471,Electro Optic Sa Iran Co,2
472,Electro estil co,24
473,Electro sanat yaghot derakhshan co,3
474,Electronic Afzar Azma,1
475,Elena azin bar saw co,1
476,Elham teb co,1
477,Elit daro company,5
478,Elm gostar azarabadegan,1
479,Elmo sanat navid,1
480,Emam Airport,10
481,Emarat hashtom shargh co,1
482,Embassy of Belgium,1
483,Emdad khodro saipa,7
484,Emkan pardzesh khiyal,1
485,Energi gostar nasir,1
486,Energy gostar sina,201
487,Enerji sazan mobin hoshmand co,1
488,Enerzi tarabar company,2
489,Enteghal Dadeh MAHAN,2636
490,Enteghal Ddaehaye Asia tech,2120
491,Enteghal Gas Iran-Mantaghe1 Amaliat,3
492,Enteghal dadeh asia tek co,20
493,Enteghal dadeh mahan,855
494,Enteghal dadehaye asia tek co,18657
495,Enteghal gaz iran-mantagheh1 co,1
496,Entekhab Servis Hami,26
497,Entesharat soreh mehr,2
498,Entesharati Sarzamin Bachehaye Khoshhal,43
499,Ertebat gostar hamrahan co,2
500,Ertebat moshtarek shahr co,1
501,Ertebatat Farzanegan pars,1415
502,Ertebatat Mahvareh ie Saman,6
503,Ertebatat Zir Sakht Co,484
504,Ertebatat fara gostar kish,5
505,Ertebatat farzanegan pars co,4409
506,Ertebatat kaspian varna,1
507,Ertebatat sabet parsian,3
508,Ertebatat sayar hoshmand amin,1
509,Ertebatat talaei shragh,1
510,Escan taban kavosh,1
511,Esfahan sazgar company,1
512,Eshragh Ghalam Parse,1
513,Esoerlos paydar sepahan co,1
514,Esteghrar electronic sakhteman co,1
515,Estil gaz mashhad co,1
516,Eteadiyeh senf kifo kafsh,1
517,Etebar karkonan Iran Khodro,2
518,Etebar karkonan goroh sanati Iran Khodro,5
519,Etehadiyeh senf foroshandegan,1
520,Etehadiyeh senf kafashan esfahan,1
521,Etela resani gilanet javan co,472
522,Etelaat Arian Resaneh Pars,10
523,Etelaat ertebata ashtian tous,1
524,Etemad Cable Alborz,1
525,Etemad tajhiz asia co,1
526,Etemad tejarat asia co,2
527,Etesal Mechanic,2
528,Etesal Sanat Miyane,1
529,Etick Pars Company,1
530,Ezhdehaye asmani,5
531,FABA,2
532,FAM Company,64
533,FAVA Shahrdari Shiraz,99
534,FAVA Tabriz co,10
535,Faalin arya company,1
536,Fan Ava Kart Company,5003
537,Fan Avari Shahr Avazeh,6
538,Fan afarin hasin gheshm,6
539,Fan kavan enerji pouya,1
540,Fanap pardakht co,1
541,Fanavar Etelaat Parvaz System Shand,1133
542,Fanavaran Tejarat Electronic romak,25
543,Fanavaran Toloue Shabake,20
544,Fanavaran amn yashar co,1
545,Fanavaran apadana sambol co,1
546,Fanavaran donyaye majazi,3
547,Fanavaran hoshmand avisa,1
548,Fanavaran pishro pars net co,3
549,Fanavaran sanati ayria pars,2
550,Fanavari Ertebatat Pasargad Arian,16
551,Fanavari Etelaat Navako,688
552,Fanavari Ettela'at Ghoveh Ghazaeieh,36
553,Fanavari Ettelaat Saniye,1
554,Fanavari Noavaran Electronic Para,9
555,Fanavari Pars System Shargh,1
556,Fanavari aria rahjo,1
557,Fanavari bartar abzar daghigh,1
558,Fanavari etelaat aramin,1
559,Fanavari etelaat eideh gostar,11
560,Fanavari etelaat va ertebatat naja,799
561,Fanavari etelat ertebatat amn mihan,1
562,Fanavari etelat ertebatat mashhad,41
563,Fanavari etelat karno yazd,1
564,Fanavari etelat rayan farayan co,2
565,Fanavari etelat tahlilgaran tabriz,1
566,Fanavarihaye ab khak fardaye sabz,2
567,Fani Mohandesi Kordoen Co,4
568,Fani Mohandesi Taban Gohar Nafis CO,1
569,Fani mohandesi  absun palayesh,1
570,Fani mohandesi amiran deghat azma c,1
571,Fani mohandesi mabna bargh co,1
572,Fani mohandesi parto pouyesh,1
573,Fani mohandesi pedaram shahr biston,1
574,Fani mohandesi peyman deghat kar,2
575,Fani mohandesi rakhsha kosha sanat,1
576,Fani mohandesi sana bargh tavan,1
577,Fani mohandesi sepand asa jonob,1
578,Fani sakhtemani mohandesi korodoen,1
579,Fani va Mohandesi samanehaye hafez atiyeh,37
580,Fani va mohandesi amn pardazan kavir,2
581,Fannavari Ettela'at e Vezarat Defa,132
582,Fanni Mohandesi Ab Sun Palayesh,11
583,Fanos radar sepahan co,2
584,Fara Dadeh Rayaneh Sorena,6
585,Fara motamed pardis co,1
586,Fara nab afzar arya,2
587,Fara pardazesh moj gostar co,1
588,Fara pardis datis co,1
589,Fara pars niyak co,2
590,Fara pouyesh novin co,2
591,Fara rayaneh andishan batis,1
592,Fara rayaneh faraz,55
593,Fara sahel javid arya,2
594,Farabord Part Yadak,5
595,Faradid raha,1
596,Faragir Pakhsh Damavand Company,1
597,Faragir ertebatat pardis co,1
598,Farangar electronic co,1
599,Faravardeh Nafti Azarbaijan Sharghi,3
600,Faravardeh haye Gazaei Khosh tame,2
601,Faravardehaye bon fakhteh royan,1
602,Faravardehaye ghazaei proshat kourosh,1
603,Faravardehaye labani govara khazar,3
604,Faravardehaye labani razavi co,1
605,Faravardehaye labani vandad shir,1
606,Faravardehaye nafti enerzhi shomal,1
607,Faravardehaye nasoz tehran,1
608,Faravardehaye taghtiri va ghazaei,2
609,Faravari mes derakhshan takhtgonbad,1
610,Faravari pesteh fakhr abad co,1
611,Farayand sabz tain ravankar co,1
612,Faraz tejarat caspian co,3
613,Farazan no andish shahr,1
614,Fardis sanat shargh co,1
615,Farhad sanat biston co,1
616,Farhangestan Honar,3
617,Farhangi Bayan Hedayat Noor,2
618,Farhangi Honarie Asre Resaneh,1
619,Farhangi Ketab Shenasi Bozorg Shi'e,2
620,Farhangi Melal Motahed (UNESCO),1
621,Farhangi amozesh emam hosein,9
622,Farhangi khabargozari fars,30
623,Farhangi mozehaye bonyad mostazafan enghelab eslami,3
624,Farmandehi Sepah Emam Reza,5
625,Farsh mahyar delijan,1
626,Farsh zomorod mashhad,1
627,Farsh-moket babol,3
628,Fartak rahkar arad imen co,2
629,Fartak sanat radman co,1
630,Farzin tejarat darian,2
631,Fasa university of medical science,1
632,Fasto peniomatic,10
633,Fateh sazandegi,1
634,Fater rhavard electronic,1
635,Fater tejarat adonis,1
636,Fava pouyesh notrika co,8
637,Fava tejarat electronic bana co,2
638,Fava tjarat kasian co,1
639,Fava web 24,1
640,Fayez Rayaneh Jonob,1
641,Fedrasion savarkari,2
642,Felar company,1
643,Ferdos karane omid,20
644,Fidar hermes pakpakhsh co,1
645,Folad Mobarake Esfahan,66
646,Folad fan raymon co,1
647,Folad hormozga,2
648,Folad tejarat honam,1
649,Forosh va servic motorhaye doytes,1
650,Foroshgah Zanjireh Ie Oshanak,8
651,Foroshgah Zanjirehiye Etka,2
652,Foroshgah dian gostar parsian,113
653,Foroshgah eideh entekhab iranian,30
654,Foroshgah zanjirei 7tan iranian,15
655,Foroshgah zanjirei arvin bazar pars,353
656,Foroshgah zanjirei evrest modern,47
657,Foroshgah zanjirei ofogh kourosh,2
658,Foroshgah zanjirei rosha,2
659,Foroshgahaye zanjire najme khavarmiyane,5
660,Foroshgahaye zanjirehei arya,15
661,Foroshgahhaye azad shahr,1
662,Forsat afarinan khalagh fard co,1
663,Foulad Mahan Sepahan Co,2
664,Foulad Sanat Espadana Tara Co,1
665,GOVICT GOV,30
666,Gahta sanat mashhad,1
667,Gandom Talayi Korush,50
668,Gardeshgaran miad tous co,1
669,Garm iran company,1
670,Gas Ostane Ilam,12
671,Gas Qazvin,6
672,Gaz Ostan Char Mahal O Bakhtiyari,11
673,Gaz Ostan Fars Company,130
674,Gaz Ostan Hormozgan Co,26
675,Gaz Ostan Kurdestan,29
676,Gaz Ostan Lorestan,16
677,Gaz Ostan Tehran Co,1
678,Gaz Ostan Yazd Company,2
679,Gaz kermanshah,1
680,Gaz khorasan razavi,1
681,Gaz ostan  esfahan,6
682,Gaz ostan alborz co,1
683,Gaz ostan azarbayjan gharbi,2
684,Gaz ostan ilam,1
685,Gaz ostan lorestan co,12
686,Gaz ostan markazi,4
687,Gaz ostan yasoj co,2
688,Gerayesh tazeh pars co,1
689,Ghadir sahar zendeh rod co,1
690,Gharche Yektaye Sepahan Co,4
691,Ghataat Teraktor Sazi Tabriz,2
692,Ghazaei Labani Va Bastani Mihan,7
693,Ghazal electronic parseh co,100
694,Ghedasat khalij fars co,1
695,Ghods azad co,1
696,Gilan mesah company,1
697,Gilanet javan,30
698,Giti peima iranian gheshm,1
699,Gohar Kala Novin Shargh Co,1
700,Gohar Park Sirjan,10
701,Gohar andishan mandegar co,1
702,Gohar khoram madakto co,1
703,Gohar madaen co,1
704,Golbarg nahavand,1
705,Golchin derakhshn tehran,1
706,Golestan co,7
707,Golnan Puratos Company,1
708,Golpa tejarat arian co,2
709,Golsa zhin diyar co,1
710,Gomrok Jomhouri Eslami Iran,2
711,Goroh bazargani ira alborz,3
712,Goroh behestan tejarat aras co,1
713,Goroh fanavaran hoshmand behsazan,1
714,Goroh pars arkan seil,1
715,Goroh sanati asman gostar aban co,1
716,Goroh sanati lina co,2
717,Goroh sanati mahan sepahan co,2
718,Goroh sanati nejati anata,4
719,Goroh sanati sana ayegh,1
720,Goroh toseh bon da,1
721,Gorouh Sanat Tanish Dor,1
722,Gorouhe Sanatie Lina,5
723,Gostareh enerji novin co,1
724,Gostareh narm afzar tabriz co,1
725,Gostaresh Ertebatat Mabna,3254
726,Gostaresh ertebat pars tadvin co,1
727,Gostaresh fanavri etealat ertebat,2142
728,Gostaresh favaye fakher,1
729,Gostaresh informatic Iranian,4
730,Gostaresh sazeh tajkoh co,1
731,Gostaresh ertebatat mabna,994
732,Goyesh pishro elmo danesh co,1
733,Green Business Sharifi Soldouz Co,82
734,Groh Tahqiqat Khadamat mokhaberat kavoshcom asia,150
735,Groh sanjati abbaspour adrin,5
736,Group Sanati Abbas Pour-Adrin,49
737,Hadish Pishro Pardazesh,1
738,Haft asman hasht behesht co,2
739,Haj & Ziarat Org,1
740,Hakim emdad sehat,2
741,Ham fanghostaran Safir,1
742,Hamdosh sanay tous,1
743,Hamisheh sabz espadana,1
744,Hamkaran System Esfahan,1
745,Hamkarihaye Beynolmelali Koh Almas,1
746,Haml & Naghl Dakheli Sanayeh Co,1
747,Haml O Naghl Mavad Nariyeh Iranian,1
748,Haml O Naql tarogh,1
749,Haml naghl adl tarabaran tous co,2
750,Haml naghl arya tarabar alborz co,1
751,Haml naghl jadehei mehdi,1
752,Haml naghl peyman bar co,1
753,Haml naghl sarasari hamed bar co,1
754,Haml naghl tamok co,1
755,Haml naghl zanjireye talaei sorat,1
756,Haml va naghl shomal- jonob company,3
757,Haml-naghl azar dahr,1
758,Haml-naghl rahavard tizro,1
759,Hamlnaghl beynolmelali reyl shargh,1
760,Hamoon-nourab,3
761,Hamsafar chaboksavaran esfahan,38
762,Hamshahri company,114
763,Hamyaran gostaresh noavaran,1
764,Harand hotel co,1
765,Hararat saz pouya co,1
766,Harir pardis shahriar co,2
767,Hava abzar tehran,2
768,Hava shenasi oromiyeh,62
769,Hava shensi ostan khuzestan,1
770,Havaei jahangardi par asman parseh,1
771,Havapeimayi Iran Air Tour Company,25
772,Havapeyma qeshm,1
773,Havapeymaei ATA,52
774,Havapeymaei China Saderland Air,5
775,Havapeymaei Kish,1
776,Havapeymaei Sepehran,3
777,Havapeymaei Zagross Co,8
778,Havapeymaei torkiyeh,2
779,Havapeymaei torkiyeh co,1
780,Havapeyma meraj,13
781,Havasan co,1
782,Havei jahangardi darvazeh sabz,2
783,Hedayat Niroo,1
784,Hedayat va parvaresh andisheh co,1
785,Hedyeh Safaye Zarin Co,1
786,Hefazat Mohit Zist Ostan Esfehan,2
787,Hekmat bank co,158
788,Helal ahmar ostan tehran,1
789,Helecopteri alborz vazin kish co,1
790,Helma gostar khavarmiyaneh co,2
791,Hemayat gostar iran khodro co,2
792,Hesabgar Pardaz garb,3338
793,Hesabresi Mofid Rahbar,3
794,Hesabresio Modiriat Hesabresin,2
795,Hiro Tejarat Arad,1
796,Hodak teb co,1
797,Hoghoughi Manshour Misagh Yaran,1
798,Honarestan pesareneh ghods co,1
799,Hortash Erjen co,2
800,Hotel Beynolmelali Ghasr Khorasan,1
801,Hotel Haye Beynolmelali Parsian,3
802,Hotel Mojallal Darvishi tous,1
803,Houshmand Ertebatat Bamdad,3167
804,Hozeh elmiye azarbayjn sharghi,1
805,Hyper Market haye Maf Pars,5
806,ISIRAN,10
807,ISIRAN Co,2
808,Ideh Khalaghan Asr Etelaat,4
809,Ideh Pardazan Ketab Hooshmand Kia,1
810,Ilia electronic system,1
811,Imen Afzar Seyf Andish,82
812,Imen Samaneh Sepehr Co,1
813,Imen afzar seyf andish co,5
814,Imen andishan pouya novin,1
815,Imen azmon khavarmiyaneh co,1
816,Imen dideh ban aras co,3
817,Imen gostar arya dez co,1
818,Imen khodro shargh co,1
819,Imen moj tous co,4
820,Imen sazan sahand gonesh co,2
821,Indiana Ports Global Mantaghe Azad Chabahar Co,2
822,Iran Khodro Co,2
823,Iran Madar Company,1
824,Iran Malas,1
825,Iran Nara Co,1
826,Iran Ofogh Industrial Development,3
827,Iran dastar,2
828,Iran riseh co,1
829,Iran system,2
830,Iran trailer,1
831,Iranaian Sazeh Tav Mnateghye Azad Anzali,6
832,Iranian emtiyaz co,2
833,Iranian peyazma,3
834,Iranian shamim sazeh co,2
835,Irasco control co,1
836,Iria tash kish,4
837,Isatis Dizel Part Co,1
838,Istro asanbar,1
839,J.T.I parsian,479
840,JTI Pars Co.,127
841,Jadeh talaei sepahan co,2
842,Jahad Keshavarzi Kermanshah,54
843,Jahad keshavarzi shahrestan esfahan,30
844,Jahan Tiva Ara Co,1
845,Jahan bin nasb paydar,1
846,Jahan tajhize padide lotous co,1
847,Jahan zarjoyan arsbaran,2
848,Jam sanat sepahan co,2
849,Jameh mostafa-tabriz,1
850,Jamiat helal ahmar Khuzestan,12
851,Jamiat helalahmar khorasan razavi,2
852,Javid Foulad Mehr Sepahan Co,1
853,Javid tejarat mahab,80
854,Jazb setareh,2
855,Jeld sazan shomal co,2
856,Jem sanat karan co,1
857,KFC halal iranian co,1
858,KHADAMAT MODIRIYAT AFAGHKAVOSHGARAN,1
859,Kabl sina,1
860,Kahkeshan rah nour,1
861,Kahroba gostar co,1
862,Kala Avaran Adak,1
863,Kala Navgan Sharq Company,30
864,Kala avaran araz,3
865,Kala pakhsh gostar mahan co,1
866,Kalaresan bahar kish co,2
867,Kalaresann chapar co,1
868,Kalaye electric,2
869,Kamle boton shargh co,1
870,Kanon bazneshastegan naja,3
871,Kanon zaban iran- shobeh shiraz,1
872,Kanoon Kargaran Bazneshaste Mashhad,1
873,Kanoon Kheirie sandrom dawn Iran,1
874,Kantineri bandar abbas,1
875,Kar joyan mehr varz co,1
876,Kar pardazan sanat maron co,1
877,Kar va ebtekar naghsh jahan,5
878,Kara parnian gostar co,1
879,Kara sahand iranian,2
880,Karaneh sazan zendeh rod,1
881,Karanobin,1
882,Karataraz company,1
883,Karbord kar company,1
884,Karchin company,1
885,Kargozari Ati saz bazar,8
886,Kargozari Bank Ayandeh Co,5
887,Kargozari Mehr Eghtesad Iranian Co,1
888,Kargozari Tadbirgar Sarmayeh,1
889,Kargozari agah co,2
890,Kargozari armoon bourse,2
891,Kargozari ayandeh negar kharazmi,1
892,Kargozari ayandehnegar kharazmi,1
893,Kargozari bank keshavarzi co,1
894,Kargozari bank meli co,2
895,Kargozari banke ayande,1
896,Kargozari etminan co,1
897,Kargozari mofid co-branch2,2
898,Kargozari pishgaman behparvar,1
899,Kargozari rasmi bime Mostaghim bar khat bime yab,1
900,Kargozari rasmi bimeh sepehr milad,1
901,Kargozari sina co,1
902,Kargozari toseh andishesh dana,1
903,Kargozarie Mobin Sarmayeh,1
904,Karkhaneh Jat Mokhaberati Iran,1
905,Karkhaneh jat moghadam,1
906,Karkhanejat Iran Boronz Estil,3
907,Karkhanejat sanati azam semnan,1
908,Kart Etebari Iran Kish Co,53968
909,Kart Iran Khodro,2
910,Kasb va Kar Hoshmand Mana,1
911,Kavish gostar perav,1
912,Kavosh etelaat radin parsian co,80
913,Kavosh mekanizeh fan avar co,1
914,Kavoshgaran Honar bargh Aria,1
915,Kavoshgaran Marzhaye danesh Iliya,5
916,Kavoshgaran bahrevari sanati,1
917,Kavoshgaran taha parvaz co,1
918,Kel Varz Ariana,2
919,Kel Varz Ariana Co,2
920,Keshavarzi Razavi,20
921,Kesht va sanat ana gostar co,1
922,Kesht- sanat khosheh saba,1
923,Keshtirani Valfajr Company,1
924,Keshtirani iran abrah co,1
925,Keshtirani pasha daryaye shargh co,1
926,Ketabkhanehhaye Omomi Mashhad,1
927,Keyhan sanat caspian co,1
928,Keyvan kaveh golshan sepahan,1
929,Khadamat Anformatic novin kish co,1
930,Khadamat Electronic Hami Edalat,2
931,Khadamat Foulad Beton Boukan Co,1
932,Khadamat Havaei Saman,1
933,Khadamat Informatics Kish,51
934,Khadamat Mabna Fartak Aria,86
935,Khadamat Saheli Iran,1
936,Khadamat bimeh eghtesad co,1
937,Khadamat bimeh hamian zendegi co,1
938,Khadamat dana computer co,1
939,Khadamat darmani behbod tabriz,2
940,Khadamat electronic toseh edalat,2
941,Khadamat ertebatat shabkeh elmi,10
942,Khadamat fani mayadin asmari co,1
943,Khadamat nezafati shahr co,1
944,Khadamat poshtibani bank maskan,1
945,Khadamat poshtibani tehran kararra,5
946,Khadamat refahi gardeshgari mashhad,2
947,Khadamat va tejarat Bam khodro,1
948,Khadamat vira tehran,1
949,Khadamati Imen Atiyeh Fraz Co,1
950,Khalijfars etela resan jonob,1
951,Khaneh abi dadeha,2
952,Khaneh hoshmand afrar sarir,1
953,Khat Noghrei Qeshm,1
954,Khate Looleh Hamoun Co,1
955,Khavar Tejarate Arka kish,4
956,Khdamat havaei sepid bal omid co,4
957,Kheiriyeh darmani almahdi co,1
958,Khodro servic shahr,1
959,Khorak dam va toyor ahvaz,2
960,Khoram pakhsh iranian co,1
961,Khorshid mehr gostar rosha co,2
962,Khorshid sepehr caspian co,50
963,Khoshgovar Tehran Co,2
964,Khotot loleh va mokhaberat naftiran,21
965,Khoy municipality,1
966,Kia Tejarat Alborz Iranian,40
967,Kia lian moharek asanbar co,1
968,Kian ghateh karon co,1
969,Kian kar safahan co,1
970,Kimia Ara Utab,1
971,Kimia Fateh Salamat,1
972,Kimia ertebat pars co,1
973,Kimia padideh tij,2
974,Kimiya Felez Azar Co,1
975,Kiseh poli ramin co,2
976,Kish telgom gostar co,1
977,Kohan Radman Co,18
978,Kohan Radman Kand,7
979,Kohan Taj Kimia,1
980,Kohan tak part co,1
981,Komiteh Emdad Azarbijan sharghi,3
982,Komiteh emdad emam khomeini,5
983,Kondor sanat parsian,1
984,Kontor Sazi iran,1
985,Kopal boton co,1
986,Kosar Andishan Novin Tosee Mandegar,182
987,Kosar andishan novin tosee mandegar,10
988,Kosar sanat espadana,1
989,Koshakar kamyab,2
990,Koshavaran gharb lorrestan co,1
991,Koud Vatan Sabz Khalkhal Co,1
992,Kousha Pelast Nikan,3
993,Labani Va Bastani Domino,4
994,Labaniat pastorizeh pak,3
995,Labaniat-bastani shad co,1
996,Labaniyat Kalber Company,1
997,Labratoarhayeh Darohayeh Ghiyahi,34
998,Larzeh sakht savalan co,1
999,Lastik Rasha Tayer Takestan,2
1000,Lavan baft co,1
1001,Lavan electric,2
1002,Lavazem pezeshki shafa,5
1003,Leab mashhad co,1
1004,Lenger co,1
1005,Lian Pars Tangestan Co,1
1006,Loft hanzaya alman company,1
1007,Loleh poli etilen parto,1
1008,Loleh stil sanij jam,1
1009,Lunafam Abhar,2
1010,MATIRAN,28
1011,MOHITE ZISTE ZANJAN,7
1012,Maaden Amir Sangan Parsian Group,4
1013,Mabna Kart Aria,8
1014,Mabna samaneh tajhiz co,1
1015,Madani ahan ajin,5
1016,Madar Takhasosi Foroudgah haye Iran,20
1017,Madar takhasosi mavad sukht hastee,4
1018,Madar takhasosi sanaye ghazaei sina,14
1019,Mader Takhsosi Sherkat Sakht wa Tose Zirbanaye Haml wa Naghl Keshwar,1
1020,Madreseh pesaraneh majd zadeh,1
1021,Madreseh rahnamaei abbaspor,1
1022,Madreseh shohadaye basamnaj,1
1023,Madresheh shahidin beheshti Qom,1
1024,Maghare Sazi Iran,1
1025,Maghare sazi iran,1
1026,Mah Tab Kish Company,1
1027,Mah pardis jonob co,1
1028,Mahak rayan afzar co,5
1029,Mahan Tarh Mirab,3
1030,Mahan gostar sahand,2
1031,Mahban sazeh tadbir,1
1032,Mahbod gostaran arvand,9
1033,Mahdis kosar shahriar,17
1034,Mahor gasht kish co,1
1035,Mahsa tos company,1
1036,Mahsolat farhangi honari mahpishoni,2
1037,Mahya Protein Company,1
1038,Majles shoray eslami,1
1039,Majles shoray eslami,6
1040,Majmoe tafrihi donyaye moj khavaran,1
1041,Makaz fanavari ettelaat va ertebatat,30
1042,Mammut,10
1043,Mammut Industrial Co,1
1044,Mamot telka,278
1045,Manshor sanat pars co,1
1046,Mantaghe 2 Amaliate Enteghale Gaze,2
1047,Mantaghe vizhe bandar emam khomeini,1
1048,MarMar Betoon Co,4
1049,Marine,2
1050,Markaz Behdasht Shomare 2 Mashhad,40
1051,Markaz Behdasht Shomare 3 Mashhad,5
1052,Markaz Khadamat Hozeh Elmieh,26
1053,Markaz Pazhouhesh Majles,1
1054,Markaz Tahghighat Computeri Oloum Eslami,8
1055,Markaz amozesh elmi karboi tabriz,1
1056,Markaz behdasht Oroumiyeh,1
1057,Markaz behdasht jonob,10
1058,Markaz daeratolmaref eslami,1
1059,Markaz foriathye pezeshki Azarbijan shargi,2
1060,Markaz mashinhaye edari,1
1061,Markaz matboat entesharat ghoveh,2
1062,Markaz moayeneh khodrohaye sabok,1
1063,Markaz modiriat havades mazandaran,500
1064,Markaz tahghighat keshavarziardebil,1
1065,Markaz tahghighe sanaye anformatic,2
1066,Markaze khadamat hozehhaye elmiyeh,10
1067,Markazfarhang sazi amozesh bankdari,1
1068,Maron moshaver arjan co,1
1069,Mashahd sadra sargh co,2
1070,Mashhad Zam Zam CO,1
1071,Mashhad davam co,1
1072,Mashhad pay,2
1073,Mashhad talaye iranian,1
1074,Mashin abzar maks,1
1075,Mashin sazi arak,1
1076,Maskan karkonan shabakeh khabar,1
1077,Matin Khodro Co,1
1078,Matin hararat kerman co,1
1079,Mavad Ghazaei Niyousha Dariyan,6
1080,Mavad daroei tehran shimi,1
1081,Mavad ghazaei tolikolak,3
1082,Mavad vizheh lia co,1
1083,Mayvan sazeh gostar co,1
1084,Mazare novin iranian co,19
1085,Mazhin Khodro Pars,1
1086,Media pardaz system,1
1087,Mehr Tabesh,1
1088,Mehr daneh saba co,1
1089,Mehr niyaye dana barin co,1
1090,Mehr sang pars,1
1091,Mehregan tamin pars,1
1092,Mehrfam Rokh Espadana,1
1093,Mehrsan fanavar tavanmand co,11
1094,Melamin sazeh apadana co,3
1095,Meli pakhsh faravardehaye nafti co,7
1096,Meli shimi keshavarz co,1
1097,Mellat Bank,186
1098,Melli Bank,19
1099,Melli Naft East Azarbaijan Co,1
1100,Mellie Khadamat Tadarokat Co,5
1101,Meraj Airlines Co,23
1102,Merca tahlilgaran dadegan co,1
1103,Mersak iran E.S,1
1104,Mesbah Danesh,1
1105,Mi'aad Pakhsh Mehr Gostar,1
1106,Milan Pars Farmed,1
1107,Milan donya eideh tejarat co,1
1108,Miras farhangi sanaye dasti ghazvin,1
1109,Mitsobishi iran company,9
1110,Moameleh garan nik soda co,1
1111,Moasese farhangi tablighati pazhhan,1
1112,Moaseseh Ati Sazan Tasnim,18
1113,Moaseseh ali bakhtar ilam,1
1114,Moaseseh amozesh ali jahad,1
1115,Moaseseh asr pardazesh etelaat amin,2
1116,Moaseseh avaye baran omid,1
1117,Moaseseh bonyad mostazafan,200
1118,Moaseseh farhangi amozeshi binesh,2
1119,Moaseseh farhangi jahadgaran,1
1120,Moaseseh farhangi moaser,1
1121,Moaseseh farhangi varzeshi APT,1
1122,Moaseseh farhangi zaban amozan,1
1123,Moaseseh hemayat az kodakan saratan,30
1124,Moaseseh khadamat hoghogh dadkherad,1
1125,Moaseseh khadamati kasian sepehr,2
1126,Moaseseh khayerin mahdiye esfahan,2
1127,Moaseseh kheiriyeh hamedanian,2
1128,Moaseseh mozeh mosighi shahr ava,2
1129,Moaseseh mozehaye bonyad mostazafan,2
1130,Moaseseh novin sadra espadana,1
1131,Moaseseh pazhoheshi olom ghazei,1
1132,Moaseseh tasvir shahr,2
1133,Moaseseh vokalaye bayan emruz,1
1134,Moasesh elmi chit sazan,8
1135,Moasesh etebari melal,1
1136,Moasesh mahd ghoaran karim esfahan,3
1137,Moasesh tanzim nashr asar emam,6
1138,Moasesh tasvirgaran kalam nor,1
1139,Moasse Mali Va Etebari kosar,58
1140,Moasseseh Mahak,1
1141,Moavenat danesshgah olom pezeshki,1
1142,Moavenat fanavari etelaat va ertebatat,83
1143,Moavenat hoghoghi ghoveh ghazaei,4
1144,Moavenat omran shahrdari esfahan,1
1145,Moavente Hamlo Naghl va Terafice,4
1146,Mobadel khodro pak co,1
1147,Mobasher fahim co,1
1148,Mobin pardazan espadan,300
1149,Modelsazi tabriz,1
1150,Modiriat Tolid bargh bistun Co,1
1151,Modiriat amozesh parvazesh khomeini,1
1152,Modiriat amozesh parvesh shoshtar,1
1153,Modiriat amozesh-parvaresh tabriz,1
1154,Modiriat havades foriathayepezeshki,1
1155,Modiriat sanati tam azarbayjan co,1
1156,Modiriat tolid bargh neka co,3
1157,Modiriyat Banader va Daryanavardi Abadan,1
1158,Modiriyat Bohran Shahr Tehran,14
1159,Mohajer kar company,1
1160,Mohandesi & Tose'e Naft,14
1161,Mohandesi Control Sazan Farayand,1
1162,Mohandesi Fara Riz Ertebat,2
1163,Mohandesi Imen Tiar Co,1
1164,Mohandesi Iran Borna,411
1165,Mohandesi Matin Electronic Tarah,2
1166,Mohandesi Nik Andish Esfahan,10
1167,Mohandesi Noakhtaran Co,2
1168,Mohandesi Ofogh Tose Saberin,18
1169,Mohandesi Parin Control,8
1170,Mohandesi Sazegan Ertebat,5
1171,Mohandesi Sazeh gostar saipa,2
1172,Mohandesi Sefro Yek Pardaz,6
1173,Mohandesi Tabashir Kerman,1
1174,Mohandesi bazargani enerzhi novin,1
1175,Mohandesi derash sakhteman zagros,1
1176,Mohandesi ertebati payam parda,1
1177,Mohandesi ertebati payam pardaz,3
1178,Mohandesi fanavr pouya sepahan,1
1179,Mohandesi frangasht noavar,5
1180,Mohandesi ghadir mehr iranian,1
1181,Mohandesi haml nagh petroshimi co,1
1182,Mohandesi hatel co,1
1183,Mohandesi imen mohaseb honam,2
1184,Mohandesi imen sanat sadid co,1
1185,Mohandesi kasra azmay apadana co,1
1186,Mohandesi kavoshgaran shaygan co,1
1187,Mohandesi mahsan sanat azar co,1
1188,Mohandesi masinan company,2
1189,Mohandesi moshaver ab karkheh co,2
1190,Mohandesi moshaver pezhaveh arad,1
1191,Mohandesi narm aafzar shaghayegh co,1
1192,Mohandesi narmafzar rahavard,1
1193,Mohandesi nitaran pars co,1
1194,Mohandesi pishtazan bordin co,2
1195,Mohandesi radhat system birjand co,1
1196,Mohandesi rayan porojeh jonob co,1
1197,Mohandesi sakht bargh control mapna,2
1198,Mohandesi sakht torgheh enerji,2
1199,Mohandesi satiari ertebat pars,14
1200,Mohandesi systemhaye nazer farzan,1
1201,Mohandesi tara company,1
1202,Mohandesi tarahan sanat tiva co,1
1203,Mohandesi toseh sazandegi sadad,2
1204,Mohandesi va sakhtema sanaye naft,1
1205,Mohandesi va sakhtemani shams omran,3
1206,Mohandesin Moshaver tarahan saze asia,5
1207,Mohandesin Rah & Sakhteman142 Group,1
1208,Mohandesin abniyeh sazan fozhan,5
1209,Mohandesin moshaver amvaj detis co,1
1210,Mohandesin moshaver arya hangard,1
1211,Mohandesin moshaver fanavari makani,1
1212,Mohandesin moshaver kartak co,1
1213,Mohandesin moshaver mekanic khak,1
1214,Mohandesin moshaver monko iran,1
1215,Mohandesin moshaver naghsh paydar,1
1216,Mohandesin moshaver namvar,4
1217,Mohandesin raed niro mantafgeh azad,1
1218,Mohandesin sakhteman yasna fars co,8
1219,Mohaseb sanat daghigh co,1
1220,Mohite Ziest Sistan,15
1221,Mohndesi moshaver dezab,10
1222,Moj Nirou Co,2
1223,Moj yekta espadana co,1
1224,Mojtama Sanati Pilsun,1
1225,Mojtama Sanaye Ghaem Reza Co,5
1226,Mojtama dadeha va systemha,1
1227,Mojtama sanati madani negin kani ehya,2
1228,Mojtama sanaye ghazaei mihanzahedan,2
1229,Mojtamae farhangi varzeshi folad,1
1230,Mojtamae potas khorobiyanak co,2
1231,Mojtame eram sabz,2
1232,Mojtame tafrihi shahre sabz ramsar,1
1233,Mokamelsazi chineh chin khorasan,1
1234,Morgh madar dizpad co,1
1235,Morvarid naghsh tous mashhad,5
1236,Mosaferat havaei jahangardi mahan,1
1237,Moseseh amozeshi alghadir,1
1238,Mosesh tahghighati par tavos,2
1239,Mosharekat mohandesi tarh va tose Spouta,1
1240,Moshaver jahan pay saman co,1
1241,Moshaver sarmayehgozari pishgam,1
1242,Moshaveran saderat varedat noalmas,1
1243,Moshaverin anformatic arya co,1
1244,Moshaverin anformatic niro co,1
1245,Moshaverin beynolmelali naghshnegar,1
1246,Moshver pol san aria,1
1247,Nafis Saba,2
1248,Nafis sanat nikan co,1
1249,Naft Behran,28
1250,Naft Falat Ghareh Iran,80
1251,Naft Pasargad Co,11
1252,Naft azma shimi,2
1253,Naft va Gaz Siah Fam co,1
1254,Naghsh afarinan khalaghiat dan,1
1255,Naghsh rang khojastegan,1
1256,Nagsh gostar omran,8
1257,Nahad Riasat jomhouri,5
1258,Nahad riasat jomhoury Shorayeh Alli Manategh Azad Gheshm,1
1259,Nahal pesteh rafsanjan co,1
1260,Nalino sazeh co,1
1261,Nama Karan Hezareh Sevom,1
1262,Nama parto parsian,1
1263,Nama poshehsh persian,1
1264,Namayeshgah beynolmelali,8
1265,Namayeshgah beynolmelali tabriz,4
1266,Namayeshgahi amitic rata co,1
1267,Nane Sahar,4
1268,Nano choob zagros,2
1269,Nano daro pazhohan pardis co,1
1270,Narin afzar pouya co,10
1271,Narm afzar kosar rayaneh behineh,1
1272,Narm afzari farazan co,1
1273,Narm afzari sazeh espadana,1
1274,Narmafzari dotis arian qeshm,40
1275,Nasaji iran ris alborz co,1
1276,Nasaji karen kavir kashan co,1
1277,Nasaji tandis kashan,1
1278,Nasb Nirou Co,1
1279,Nasim Kaghaz Selulozi Parsina,1
1280,Navar karan foulad gharb co,1
1281,Navid avaran vista tam co,2
1282,Nazm Afarinan Sanaat Sahand,1
1283,Neda sima asia co,2
1284,Nedaye etemad tous,1
1285,Nedaye sehat co,1
1286,Nedaye tejarat jahan co,1
1287,Negah Co,17
1288,Negah Roshan Pars Co,1
1289,Negar Pakhsh Khorasan Mehr Razavi,1
1290,Negin Partov Kerman Co,1
1291,Negin abzian arya,8
1292,Negin gostar khaij fars,1
1293,Negin gostar rabet alborz co,1
1294,Negin khorak pars,1
1295,Negin otomasion sanati tabriz,1
1296,Negin reis derakhshan,1
1297,Negin tejarat karoy co,2
1298,Nesteleh vaterz iranian,24
1299,Nestle Iran,50
1300,Nestleh iran,24
1301,Nezam Mohandesi Sakhteman Hormozgan,3
1302,Nezam mohanes Khorasan Shomali,1
1303,Nezarat hamahangi taavoni rostaei,1
1304,Niaresh tarh,1
1305,Nik andishan enerrji vasegh shargh,366
1306,Nik gaman pars co,1
1307,Nikan Fadjr e Talaeieh,1
1308,Nikan Fajr Talaeieh,1
1309,Niko Andish Najaf Abad Company,1
1310,Nil barg khavarmiyaneh co,1
1311,Nima Pouyesh Teb,1
1312,Nima pol co,2
1313,Nira jam co,1
1314,Niro afroz sepahan company,1
1315,Niro gostar farzam sanat diyana co,1
1316,Niro tavan ayrik co,1
1317,Nirogah atomi booshehr,5
1318,Nirouye Barghe Shahrestan Esfahan,1
1319,Nirouye Barghe Shahrestan Tabriz,11
1320,Nirouye Gharb Co,1
1321,Niyan Electronic Company,3
1322,No Avaran Dadeh Varzi Takin,10
1323,No avaran pouya bayt,2
1324,Noavaran Fan avazeh Co,1
1325,Noavaran Tavanmand Farhang Emrooz,1
1326,Noavaran hoshmand fars co,1
1327,Noavaran sahand enerji,1
1328,Noavaran shabakeh sabz mehregan,7
1329,Nobarg Selolouz Fariman Co,1
1330,Nor pardaz esfahan co,1
1331,Norik co,2
1332,Nosazi tajhiz maderes,1
1333,Nour Vijeh,8
1334,Nour felez sepahan co,1
1335,Nour kahkeshan co,1
1336,Novin padideh ansar,4
1337,Novin tak afagh ertebat mandegar,2
1338,Nowshahr network power,1
1339,Nozhan rayaneh pars,1
1340,Ofogh Pakhsh Adine,1
1341,Ofogh Tejarat Aghigh Parsian,1
1342,Ofogh binaye vachar,1
1343,Ofogh tahavol esfahan co,1
1344,Ofogh tahavol houshmand,1
1345,Olom pezeshi arak university,1
1346,Olom pezeshki va khadamt behdasht,2
1347,Oloum Pezeshki Khorasan Shomali,40
1348,Oloum Pezeshki shahid beheshti,10
1349,Olum va fanavari etelaat iran,6
1350,Omid daro salamat co,2
1351,Omid shamila co,1
1352,Omor kheiriyeh khorasan razavi,15
1353,Omor maliatiye ardebil,1
1354,Omran azarsetan,1
1355,Omran nosazi majd mashhad co,1
1356,Omran sazeh rahyab ahvaz co,1
1357,Omran shahre jadid majlesi,1
1358,Omran va maskan esfahan co,1
1359,Orest Modern Pars,619
1360,Orjance Tehran,131
1361,Orkideh fakher aryan co,1
1362,Osareh talaei tabriz,1
1363,Ostandari Gilan,1
1364,Ostandari Khuzestan,1
1365,Ostandari Tehran,9
1366,Otobos Rani Tabriz O Homeh,2
1367,Otobos rani tehran va homeh,1
1368,Otobosrani ardebil va homeh,1
1369,Otomasion daraye hasib,1
1370,Otomasion raad khavarmiyaneh,1
1371,Oustandari Fars,5
1372,PAK MEHRH QOM,100
1373,POYA TADBIR RAZAVI,1
1374,Padideh Tajhizat Sanaat Iranian Co,1
1375,Padideh tejarat kasra,1
1376,Padisan Co,1
1377,Padna polimer co,1
1378,Pak aria nam co,1
1379,Pak chob khozestan company,1
1380,Pakhsh  1o1,17
1381,Pakhsh 1&1,8
1382,Pakhsh Atlas Dena,5
1383,Pakhsh Faravardehhaye Nafti Co,1
1384,Pakhsh Gostar Abtin Ara Company,1
1385,Pakhsh Kala Avaran Pakban,2
1386,Pakhsh Sarasari Kalaye Kalber,1
1387,Pakhsh lavazem barghi sepehrmonavar,1
1388,Pakjo poyesh pichak co,1
1389,Palayesh Gaze Ilam Co,6
1390,Palayesh Naft Shiraz,3
1391,Palayeshgah naft tabriz,5
1392,Panizan sanat pouya co,1
1393,Parash nor bonyan co,2
1394,Pardakht Electronic Behestan,203
1395,Pardakht Electronic Saman Co,2524
1396,Pardakht electronic Sadad,8729
1397,Pardakht electronic saman kish co,1
1398,Pardakht electronic sepehr co,5
1399,Pardakht novin arian,1955
1400,Pardazesh Electronic Rashed Samaneh,1
1401,Pardazesh Garan Almas Pasargad,8
1402,Pardazesh electronic tandis co,1
1403,Pardazeshgaran Saman,4
1404,Pardis Pazhouhan Alborz,1
1405,Pardis Tejarat Sadaf,1
1406,Pardis toseh madaen co,1
1407,Pargasg pisheh sepehr co,1
1408,Parizan sanat co,4
1409,Park fanavari pardis,2
1410,Parkha& Fazaye Sabze Shahrdarie Qom,1
1411,Parliment,327
1412,Parnian gostar parto sanj co,1
1413,Pars Alin mehr,1
1414,Pars Aylin Mehr,3
1415,Pars Kerep,1
1416,Pars Pouya Control Binalood Co,55
1417,Pars Teb Iranian Farda,4
1418,Pars arak co,1
1419,Pars darya karmaniya co,1
1420,Pars dorik zarin mehr co,1
1421,Pars gol narges co,1
1422,Pars hasas co,2
1423,Pars hesgar pazh co,1
1424,Pars jameh istatis co,2
1425,Pars kar company,1
1426,Pars mofasal aria co,2
1427,Pars newshanik,5
1428,Pars nor afroz novin alborz co,1
1429,Pars otomasion omid co,1
1430,Pars paya khotot khuzestan co,1
1431,Pars pelastic ghateh mad,1
1432,Pars pol kish co,1
1433,Pars pouya,1
1434,Pars sakhtar co,1
1435,Pars sanat parand co,2
1436,Pars shayan mehr co,2
1437,Pars shoa tous,2
1438,Parsian Hotels,1
1439,Part papiros,1
1440,Part papiros co,2
1441,Part taban kimia,1
1442,Parto Karan San'at Sarv Sazeh Co,1
1443,Parto Pajouh Ayandeh,1
1444,Parto Tamas Novin Co,1
1445,Parto tejarat taban co,1
1446,Pasargad Bank,4
1447,Pasargad Refining chemistry Co,500
1448,Pasargad bank,509
1449,Pasargad bastan co,1
1450,Paya baspar ghateh co,1
1451,Paya hosmand rasad,1
1452,Payam Dahi Ertebat,12
1453,Payam gordan tehran co,1
1454,Payam keyhan tous,2
1455,Payaneh'ha & Makhazen Petroshimi,2
1456,Payesh System Sepahan Co,1
1457,Payesh gostaram pishro co,1
1458,Payeshgaran modiriat tarh,1
1459,Paygah seyl iranian,1
1460,Pazhohande Niroo,1
1461,Pazhoheash afzar pardis mehrafarin,1
1462,Pazhohesh metalozhi razi,2
1463,Pazhoheshgah niro,1
1464,Pazhoheshgah shakhes poroje,1
1465,Pazhoheshi sanat khodrosazi co,2
1466,Pazhoheshkadeh kalbodi,1
1467,Pazhuhesh & Fanavari Petroshimi,3
1468,Pegah Dadeh Kavan Sharif,2
1469,Peiman enerzhi nafis co,2
1470,Peiman yar iranian,3
1471,Peimandost tehran,1
1472,Peresi Iran Gaz E.A Co,3
1473,Pergas Teb Co,5
1474,Perin Beton Amoud Co,1
1475,Perlook Pardis Parseh,1
1476,Persal,1
1477,Pershana fani pasargad co,1
1478,Persi Iran Gaz co,2
1479,Petro Atlas faragir,1
1480,Petro Pishtaz Naft Pershan Co,2
1481,Petro Tajhiz Almas Khavarmiane,1
1482,Petro ayric karafarinan parsian co,2
1483,Petro falat fan avaran sepanta co,1
1484,Petro niro saba co,1
1485,Petro palayesh kian sanat co,5
1486,Petro pelastic hamon atlas mashhad,2
1487,Petrokan hafari kish,1
1488,Petroshimi Kazeroon Co,1
1489,Petroshimi Pardis,1
1490,Petroshimi bakhtar,10
1491,Petroshimi jam,15
1492,Petroshimi khark,4
1493,Peyk Darou Tose'e Co,2
1494,Peyk sokht shargh co,1
1495,Peyman Bargh Electric Faz Co,2
1496,Peyvand Sanat Energi,1
1497,Pezeshki Ghanoni Kkhorasan Razavi,27
1498,Piramid kish,1
1499,Pishgam sanat va modiriat vosta,2
1500,Pishgaman Asia Company,1
1501,Pishgaman Sanat TAHA Co.,1
1502,Pishgaman Tejarat Rafie Novin,4
1503,Pishgaman Zarrin Ghete Pardis Co,6
1504,Pishgaman andisheh toseh,1
1505,Pishgaman fanavari hodad,1
1506,Pishgaman sanat behnam co,2
1507,Pishgaman toseeh ertebatat,3047
1508,Pishgaman toseh ertebatat co,5
1509,Pishgamna Fanavari & Danesh Aramis,194
1510,Pishran Energy Co,1
1511,Pishro Andisheh Pardaz CPOL,1
1512,Pishro tejarat maham co,1
1513,Pishtaz khodroye sahel co,1
1514,Pishtazan Madares Houshmand,1
1515,Pishtazan sabz,1
1516,Podr aray hamedan co,1
1517,Pol salamat iranian,1
1518,Polad khesht khorsan co,1
1519,Police Fata Naja,14
1520,Police fazaye tolid tabadol,100
1521,Polietilen keshavar co,1
1522,Polimer pad jam co,5
1523,Pompazh tous co,1
1524,Poran podr sepahan co,1
1525,Porsaz company,3
1526,Poshak hakopian co,10
1527,Poshesh gostar gheshm,1
1528,Posheshhaye hefazati jonob co,2
1529,Poshtibani omor dam,1
1530,Post,2
1531,Post Jomhouri Eslami Iran,7
1532,Post Ostan Azarbaijan sharghi,12
1533,Post Ostan Fars,16
1534,Pouya Baft abzar Aria Co,1
1535,Pouya Co,14
1536,Pouya Hamyarane Hana,1
1537,Pouya adak,1
1538,Pouya company,96
1539,Pouya varzan zomord pars co,3
1540,Pouya vizhen omid arya,1006
1541,Pouyan Paliz Zarin Co,3
1542,Pouyesh Afzar Houshmand Co,4
1543,Pouyesh Rayan Datis,8
1544,Pouyesh namad tehran,1
1545,Pouyesh rayan datis co,902
1546,Pouyesh rayaneh sanat fars,2
1547,Poyandegan Arman rahbord,71
1548,Poyesh Afzar Hoshmand,72
1549,Poyesh folad sepahan,2
1550,Qoqnus Sepid Parsi,2
1551,ROKN AZIN KHAVAR MIYANE,4
1552,Rabet Amin Beynolmelal Co,1
1553,Rabin tarh hiva co,1
1554,Radan niro zagros,1
1555,Radvin tejarat khavarmiyaneh,1
1556,Rah Ahan Shahri Tehran Va Homeh,926
1557,Rah Ahan Sharghi Bonyad,10
1558,Rah Va Shahrsazi Ostan Khozestan,11
1559,Rah pouyan ertebat shargh,2
1560,Rah sakhteman bahavar sazan kashmar,1
1561,Rah sakhtemani mana banaye tabriz,1
1562,Rah sakhtemani shen riz co,6
1563,Rahbordhaye bazneshastegi saba,2
1564,Rahbordhaye kasb- kar partian co,1
1565,Rahdari va haml naghl zanjan,3
1566,Rahian salamt teb alborz,1
1567,Rahkarhaye elmi santi ster,1
1568,Rahkarhaye hoshmand adran,1
1569,Rahkarhaye matn aval arya co,1
1570,Rahpouyan sokht khorasan co,1
1571,Rahpoyan pardeazesh co,2
1572,Rahrovan etemad rasekh co,2
1573,Rahyab jam tehran co,4
1574,Rahyab rayaneh gostar,101
1575,Raman company,7
1576,Ramzineh barchasb co,1
1577,Rangin kaman sazeh co,1
1578,Rasha parsayan co,21
1579,Rasha tejarat sam,1
1580,Rasti kar alborz,5
1581,Ravadar co,2
1582,Ravan sazan sanat co,1
1583,Ravankavi Tehran amozeshi darmani,1
1584,Ravosh sazeh jonob co,1
1585,Ray andish shargh,1
1586,Raya Gostar Pouya Shahab,1
1587,Raya Niruye Payesh Kohan Parsian Co,1
1588,Rayan Teb Javan Co,2
1589,Rayan ham afza co,1
1590,Rayan karan hami,1
1591,Rayan mehr Danesh Sanj Co,2
1592,Rayan mehr electronic co,1
1593,Rayan tarsim company,1
1594,Rayanehaye abi sadr co,2
1595,Rayanesh abri niki co,1
1596,Rayehe gostar binazir shargh,1
1597,Rayfar danesh eilia co,1
1598,Razyaneh sabz pars co,6
1599,Refah Chain Stores,1
1600,Refah Khodro Parsian,3
1601,Refah iranian reyhan shargh co,2
1602,Reno pars,1
1603,Resalat sanat sora co,1
1604,Resaneh gostar datis co,1
1605,Resaneh mehr taha,4
1606,Risandegi baftani parnia co,1
1607,Risandegi kavir pars nakh yazd,1
1608,Rizo pardis parsian,2
1609,Robin tadbir pars,1
1610,Roghankeshi khoramshahr,12
1611,Roozbeh Andishan Saba,1
1612,Rose sefid mantagheh chabahar co,1
1613,Roshd toyor zavareh,1
1614,Royal sakar tejarat co,2
1615,Rozitan Company,3
1616,SADAK,11
1617,SAHAND PEDAR NAHAL DANESH,1
1618,SAM ERTEBAT ZARAFEH,1
1619,SAMT Golestan,14
1620,SAMZAN OGHAF VA OMOR KHEYRIYEH,1
1621,SHerkat Sanate Adveyn Plastik,1
1622,Saba enerji afarin,1
1623,Saba shimi arya,1
1624,Sabad Gardan Roydad Negar Omid,1
1625,Sabk Zendegi Khalagh,66
1626,Sabz ab arvand co,1
1627,Sadaf peyman alborz co,1
1628,Sadaf system jonob,1
1629,Sadaf tejarat kar,1
1630,Sadak,11
1631,Sadat sanat alborz company,2
1632,Sadra Abzar Naghsh Jahan,1
1633,Sadra Gostar Pardisan,1
1634,Sadra Shahrdari,1
1635,Sadra mahan prsian,1
1636,Sadra pasargad gheshm co,1
1637,Sadra sanat diba co,1
1638,Safa rayaneh company,5
1639,Safarhaye ali baba,444
1640,Safir asman abi co,10
1641,Safir rayan mehr,1
1642,Safir zarin pars co,3
1643,Safrousham Tehran Gostar Co,1
1644,Sahami khas sazeh khavar co,1
1645,Sahamiye Bimeh Iran CO,3
1646,Sahand polad co,2
1647,Sahar shid sepehr,3
1648,Saiber sanat co,3
1649,Saipa azarbayjan co,1
1650,Sakht va bahrebardari Energy Novin Saba Novin,2
1651,Sakhtare etelaresani novingostar,1
1652,Sakhtemani forozandeh co,1
1653,Sakhtemani sormeh dezh co,1
1654,Salon farhangi varzeshi shahrdari,25
1655,Saman Fanavaran Sadr Arshia,10
1656,Saman Sari Iranian Co,1
1657,Saman Shabake Pouya,1
1658,Saman Shimi khavarminaeh Co,1
1659,Saman kalaye pars,3
1660,Saman mohit,3
1661,Saman poshtiban erfan co,1
1662,Saman sazeh shian,1
1663,Saman seyr rezvan co,1
1664,Samand Tarabar Beynolmelal,1
1665,Samaneh Electronic Ansar Co.,1
1666,Samaneh Etelaati Hoshmand Tosan,500
1667,Samaneh electronici hoshmandrahbord,1
1668,Samaneh haye ertebati saberan,31
1669,Samaneh motematkez electronic toseh tavon,1
1670,Samaneh saz dolfin apadana,2
1671,Samanehaye eideal ayande iranian co,1
1672,Samen Shimi iranian,1
1673,Samen ertebat asr,22
1674,Samian Narm afzare Asia,2
1675,Samim mashin co,1
1676,Samiya enerji bakhtar,1
1677,Samn khodro alborz,1
1678,Samt Jonoub Kerman,7
1679,Sana etelaat narvan co,1
1680,Sana farmod co,1
1681,Sana sanat pardaz co,1
1682,Sanaat Sakhteman Asemaneh Co,1
1683,Sanam Industrial & Commercial co,111
1684,Sanat Abzar Sepah,1
1685,Sanat Karan Electronic Maragheh,57
1686,Sanat Pelast I Gol,1
1687,Sanat Tejarate Beynolmellal Zima Co,4
1688,Sanat estil behzad co,2
1689,Sanat faraz farazin co,1
1690,Sanat naft university,2
1691,Sanat sakhteman deyhim damavand co,1
1692,Sanat varzan Azarbijan,1
1693,Sanatgaran fardis tabriz co,1
1694,Sanatgaran rol ring parsian,2
1695,Sanati & Bazargani Sanam 1,19
1696,Sanati Sard Saz Khodro,2
1697,Sanati dadash baradar,1
1698,Sanati dadash baradar co,1
1699,Sanati dadash baradar-ahvaz,1
1700,Sanati dadash baradar-mohandesboyok,4
1701,Sanati keshavarzi shirin khorasa co,1
1702,Sanati mid fanar co,1
1703,Sanay borodati vahid co,1
1704,Sanay chob kish co,1
1705,Sanay habo iranian,1
1706,Sanaye Azin Felez Artin,1
1707,Sanaye Behdashtie Iran,1
1708,Sanaye Boroudati Sarab Tolouei,1
1709,Sanaye Computer Iran Co,335
1710,Sanaye Electronic Zaeim,2
1711,Sanaye Felezi Sina Felez Tak Setare,1
1712,Sanaye Ghazaei Gorineh,1
1713,Sanaye Ghazaei Pars Reihan Co,1
1714,Sanaye Ghazaei Shirin Vatan,4
1715,Sanaye Ghazayi Negin Shana,1
1716,Sanaye Mokhaberat Sa Iran,303
1717,Sanaye Siman Nahavand Co,1
1718,Sanaye Simane Nahavand,2
1719,Sanaye Tose'e Sakhteman Arousha,2
1720,Sanaye ab-omran iran,1
1721,Sanaye abzian nil pars,1
1722,Sanaye baste bandi milad kan,2
1723,Sanaye basteh bandi tabriz co,1
1724,Sanaye felezi iran,1
1725,Sanaye felezi va mikhsazi pars,6
1726,Sanaye ghazaee tous kam ras,1
1727,Sanaye ghazaei bastani labani mihan,67
1728,Sanaye ghazaei dina,1
1729,Sanaye ghazaei naser tam co,2
1730,Sanaye ghazaei panid beyhagh co,1
1731,Sanaye ghazaei zarin sanat mam co,1
1732,Sanaye gol pasand electoronic,1
1733,Sanaye kabl kerman,1
1734,Sanaye karbonat calsiom kashan co,1
1735,Sanaye kashi naein co,2
1736,Sanaye kashi par tavos co,1
1737,Sanaye khodroei reyli akia dovich,1
1738,Sanaye mashinhaye edari iran,2
1739,Sanaye pompsazi navid sahand,1
1740,Sanaye pouya gostar co,2
1741,Sanaye rang Alton,1
1742,Sanaye shimiyaei ghafari co,3
1743,Sanaye shimiyaei sabz gol sabzevara,1
1744,Sanaye shimiyaei sina co,1
1745,Sanaye sokht khodro aras co,1
1746,Sanaye tolidi kashi atlas shargh co,1
1747,Sanaye yaftehaye seramiki pishrafte,1
1748,Sanayeh ghazaei beh ara,23
1749,Sanayeh toseh sakhteman arosha,2
1750,Sandogh bazneshastegi keshvari,5
1751,Sandogh gharzolhasaneh asrshomal,13
1752,Sandogh gharzolhasaneh babolsar,14
1753,Sandogh gharzolhasaneh farhangian,1
1754,Sang Moj Riz Bagher Abad,5
1755,Sang zarmehr co,1
1756,Saniar electronic amin,1
1757,Saniyeh pardaz andisheh espadana co,1
1758,Sanjesh Abzar Pouya Ayandeh,5
1759,Sanjesh Energy Behineh Sazan Toos,3
1760,Sanjeshgaran arya co,1
1761,Sanye Binasan Yek va Do Co,2
1762,Sar ashpaz bozorg nemoneh pasargad,1
1763,Saran Sadid Ertebat Rahe Now,80
1764,Sarcheshmeh moj co,1
1765,Sardroud Islamic Azad Univercity,4
1766,Sareb sazan co,1
1767,Sarian system novin,1
1768,Sarir kavian fajr,2
1769,Sarir service,2
1770,Sarmaye gozari keshavarzi kosar,5
1771,Sarmayegozarie Touka Foulad,1
1772,Sarmayegozariye Moein Kosar,1
1773,Sarmayeh gozari saba tamin co,1
1774,Sarmayeh gozari sane yekta co,1
1775,Sarmayeh gozari toseh goharan omid,2
1776,SarmayehGozari Maskan Shomal Shargh,1
1777,Sarmayehgozari sepahan mehr jahan,1
1778,Sarv Quarenta Raika,1
1779,Saya Nik Farjam Co,1
1780,Sayan Kart Company,32
1781,Sayan elctric tarh co,1
1782,Sayyal Sanate Sadra,1
1783,Sazan tarh parto,1
1784,Sazandegan banaye ferdos,1
1785,Sazeh Sabok Arsam Co,2
1786,Sazeh sadid vahid company,1
1787,Sazeh vasoleh mamot,1
1788,Sazehaye felezi va jarsaghil fesan,4
1789,Sazeman Ab va Bargh khouzestan,1
1790,Sazeman Tazirat Hokoumati,6
1791,Sazeman sanat va madan ostan gilan,3
1792,Sazman  Maliyati Bar Arzesh Afzodeh,1
1793,Sazman Banader-Bandar Chabahar,20
1794,Sazman Banader-Bandar Imam Khomeini,10
1795,Sazman Farhang O Ertebatat Eslami,1
1796,Sazman Fazaei Iran,2
1797,Sazman Havashenasi Keshvar,10
1798,Sazman Hefz Nabatat,2
1799,Sazman Jahad Keshavarzi Kohkiluyeh,9
1800,Sazman Modiriat East Azarbaijan,33
1801,Sazman Modiryate Pasmand Shahrdari,50
1802,Sazman Otobosrani Qazvin,2
1803,Sazman Sabt Ahval Keshvar,1
1804,Sazman Tablighat Eslami Esfehan,1
1805,Sazman Zendan'ha,66
1806,Sazman atsh neshani tabriz,1
1807,Sazman barnameh bodjeh-markazi,2
1808,Sazman farhangi ejtemaei esfahan,11
1809,Sazman farhangi ejtemaei varzeshi,1
1810,Sazman farhangi shahrdari mashhad,3
1811,Sazman fava Shahrdari Esfahan,8
1812,Sazman hefazat mohit zist,1
1813,Sazman hemayat az bimaran mobtala,1
1814,Sazman jahad keshavarzi azarbayjan,2
1815,Sazman khososi sazi,7
1816,Sazman mantaghh azad aras,17
1817,Sazman melal,1
1818,Sazman mohandesi omran tehran,2
1819,Sazman mosaferat jahangardi mohajer,1
1820,Sazman nezam mohandesi khorasan,1
1821,Sazman oghaf va omor kheiriyeh,5
1822,Sazman omran shahrdari esfahan,1
1823,Sazman orzhans yazd,6
1824,Sazman parkha va fazaye sabz,1
1825,Sazman payanehaye shahrdari ahvaz,2
1826,Sazman sanat madan tejarat khorasan,1
1827,Sazman sanat va madan   golestan,1
1828,Sazman sapt asnad va amlak keshvar,9
1829,Sazman sarmayegozari mosharekat,1
1830,Sazman tanzim mogharart-markazi,50
1831,Sazman varzesh shahrdari tehran,62
1832,Sazmane sanat madan va tejarate  ostane  kermanshah,1
1833,Sazmane sanat madan va tejarate  ostane ghazvin,1
1834,Sazmanha va tasisat dolati omomi,2
1835,Sazmani forosh amval tamliki,161
1836,SeaRoad Shabake Co,2
1837,Seadolf Gehshm,1
1838,Seadulf,6
1839,Seda va sima azarbayjan sarghi,3
1840,Sedaghat Forouzane Iranian,7
1841,Sedaghat forozan iranian,1
1842,Sefarat Alman,3
1843,Sefarat Ghana,1
1844,Sefro yek pardaz co,30
1845,Sel sam arya,1
1846,Selly company,3
1847,Sepahan Lifter,2
1848,Sepahan gostar hakim co,1
1849,Sepehr sanat negin,1
1850,Sepidar System Asia Co,1
1851,Sepidar zarin khuzestan co,1
1852,Seraj nor tos co,1
1853,Serkate Ta'avoni Baghbanan_Tehran,1
1854,Sero hidrolic pouya,1
1855,Services of the big industrial town of Shiraz,1
1856,Setad ejraei farman hazrat,1
1857,Setad mobareze ba mavad mokhader,3
1858,Setak arang aras,1
1859,Setareh Naft Sepahan,1
1860,Setareh etemed aria,2
1861,Setareh simaye sam kish co,1
1862,Setareh yakhi asia,8
1863,Setayesh mehr aria fateh farda,8
1864,Shabakat resana seloli co,5
1865,Shabakeh gostaran sabz pershia,1
1866,Shabakeh novin maskan iranian co,1
1867,Shabakeh shoma,3
1868,Shadi Avaran Safar Co,1
1869,Shahab bast nor co,1
1870,Shahab demir filter co,1
1871,Shahpar andisheh kavos co,1
1872,Shahr Ava Nama Co,1
1873,Shahr Negar Zenderoud,2
1874,Shahr dari ahmad abade mostofi,3
1875,Shahrak Sanati Behshahr,2
1876,Shahrak Sanati Semnan,1
1877,Shahrak elmi tahghighati esfahan,1
1878,Shahrdari Arak,1
1879,Shahrdari Ardakan,1
1880,Shahrdari Esfehan Mantagheh 12,1
1881,Shahrdari Karaj,26
1882,Shahrdari Mantaghe 10 Esfahan,8
1883,Shahrdari Mantaghe 3 Esfehan,1
1884,Shahrdari Mantaghe 3 Tabriz,74
1885,Shahrdari Markazi Semnan,6
1886,Shahrdari Meibod,1
1887,Shahrdari Neyshabur,1
1888,Shahrdari Salehiyeh,1
1889,Shahrdari Some Sera,1
1890,Shahrdari antaghrh 5,43
1891,Shahrdari arak,10
1892,Shahrdari ardebil,1
1893,Shahrdari darcheh,1
1894,Shahrdari esfahan-moavenat haml,20
1895,Shahrdari eslamshar,1
1896,Shahrdari mantagheh 13,2
1897,Shahrdari mantagheh 15,11
1898,Shahrdari mantagheh yek tabriz,1
1899,Shahrdari mantagheh3 hamedan,3
1900,Shahrdari najaf abad,1
1901,Shahrdari qom,5
1902,Shahrdari shiraz,40
1903,Shahrdarie Najafabad,1
1904,Shahrdarie Qom,1
1905,Shahrsazi Va Khanehsazi Baghmishe,1
1906,Shahsavaran parsi gasht,6
1907,Sham Sham Shiraz,13
1908,Sharif Sang Azin,1
1909,Shayan hesabgar atiyeh co,1
1910,Shayegan gostaresh tejarat sina,2
1911,Shbakeh behdasht darman varzaghan,1
1912,Shen Zar Co,1
1913,Sherkat Meli Naftkesh Iran,20
1914,Sherkat ghaleh- khadamat khuzestan,1
1915,Sherkat meli naft iran,11
1916,Shetab System Jahani,1
1917,Shetab arian gostar pazh co,45
1918,Shilat gostar sabaln co,1
1919,Shima parto company,1
1920,Shimi petroshimi vosta co,1
1921,Shimi teflon dena,1
1922,Shimiyaei naft gostar co,2
1923,Shir Gas Iran Co,7
1924,Shir Pegah Azarbayjan,1
1925,Shir alghadir borojerd,2
1926,Shir pastorizeh pegah khorasan,2
1927,Shiran Gol Zard co,1
1928,Shiraz sanat tadbir pasargad co,1
1929,Shisheh ghazvin co,3
1930,Shisheh kaveh folot co,1
1931,Shiveh Novin Ertebat Paydar,60
1932,Shobe karaj sherkat melli pakhshe faravardehaye nafti iran,4
1933,Shoraye siasatgozari aemeh jomeh,1
1934,Shore Nezarat bar Seda & Sima,1
1935,Shoshiant didehban iranian,1
1936,Siba Polimer Kabir Co,1
1937,Siemens Co,10
1938,Sim&Cable Payam Afshan Piranshahr,1
1939,Sima Cable Resana Arak Co,1
1940,Sima shahr azma co,1
1941,Simab tous co,1
1942,Siman Ardestan Co,3
1943,Siman Esfehan,1
1944,Siman Mehr Makou Co,1
1945,Siman Shahroud,2
1946,Siman Zaaveh Torbat Co,2
1947,Siman faravan garmsar,1
1948,Siman shahrod co,2
1949,Simane hegmatan,2
1950,Simin sepahan co,2
1951,Simorgh hezareh sevom co,252
1952,Sina tarabar part,1
1953,Sivahi mantagheh azad chabahar co,1
1954,Sivan Tadbir Tejarat Co,1
1955,Sobhan web rezerv kish co,1
1956,Sodor ahrar shargh,1
1957,Sokoh pardazeshgaran bozorg asia,22
1958,Solico Kalleh,3
1959,Solico kaleh Co,1
1960,Soroush Hamrah Resaneh,10
1961,Soud gostar sabalan,1
1962,Sun hezareh taksan pasargad co,1
1963,Suren sanat bakhtaran,1
1964,Taavon rostaei ostan esfahan,1
1965,Taavoni Masraf Bank Meli Iran,1
1966,Taavoni Masrafe Karkonane Post Esfahan,5
1967,Taavoni Varzeshkaran Islamshahr Co,2
1968,Taavoni chand manzoreh taxirani,1
1969,Taavoni masraf kargaran poli ekril,1
1970,Taavoni mekanizasion falahat,1
1971,Taavoni pishgaman nesf jahan co,1
1972,Taavoni takasan khavar,2
1973,Taavoni toziei karkonan bimeh,1
1974,Taban faraz arnika,1
1975,Tabesh Azin Parsian Co,1
1976,Tabi'at Sabz Pars Kohan,2
1977,Tabriz Municipality,6
1978,Tabriz university,6
1979,Tabriztile,3
1980,Tadbir Eskan Co,3
1981,Tadbir Sazan Saramad Co,1
1982,Tadbir andish tejarat mandegar co,2
1983,Tadbir faraz zagros co,1
1984,Tadbir hoshmand pezhvak co,2
1985,Tadbir khodro Alamdar Co,1
1986,Tadvin system sayban co,1
1987,Taghviat sazeh arya company,1
1988,Tahghigh sanat tabriz co,1
1989,Tahghigh toseh ertebat pana co,1
1990,Tahghigh toseh yasna pars co,2
1991,Tahie Tozi Ghazaye Dena Afarin Fadak,10
1992,Tahkim Sarmaye Ejtemaei,6
1993,Tahkim bana pey artan co,1
1994,Tahlil Garan Dade Vira Lutous,1
1995,Tahlilgaran etelat pouya,2
1996,Tahqiqat & Towlidiy e SinaJen Co,1
1997,Tahviye nia co,1
1998,Tahviyeh afarinan saman co,1
1999,Tahye & Tozi Gataat Dana co,1
2000,Tajhiz gostar abadis co,1
2001,Tajhiz teb hafez co,1
2002,Tajhizat Va Abzar Allat Saipa,1
2003,Tajhizat enteghal bargh pars co,2
2004,Tajhizat sanat paya,4
2005,Taksan zarin company,1
2006,Talash danesh pazhoh,1
2007,Talaye daran e fadak,1
2008,Talie Sazeh Hakhamanesh Co,2
2009,Tam iran khodro co,1
2010,Tamas pardaz keihan,69
2011,Tamin Bargh va Ab Iran,3
2012,Tamin San'at Amen,2
2013,Tamin Tarabar Iranian Co,1
2014,Tamin bargh va ab iran,3
2015,Tamin sarmayeh lotos parsian co,21
2016,Tamirat niroye bargh azarbayjan co,1
2017,Tamn niroye sam co,1
2018,Tandis tejarat arman co,2
2019,Tanin Eghtedar Pars,1
2020,Tarah andisheh behsaz mellat co,1
2021,Tarahi & Mohandesi Tavan Sazan Iran,3
2022,Tarahi mohandesi asa ghadr co,3
2023,Tarahi mohandesi saen,1
2024,Tarahi va tolid hirbod iranian,1
2025,Taraz khak eivan,2
2026,Tarbiat modares university,80
2027,Tarh & Afarinesh Omran Co,2
2028,Tarh Gostaran roshd,1
2029,Tarh Va Sakhte Ista,1
2030,Tarh va andisheh behsaz melat co,2
2031,Tarhaye Zirbanayi va Energy Farazin,2
2032,Tarigh azar tabriz Co,5
2033,Tarrahan Control Shargh Pazh Co,2
2034,Tarvij Sanat,1
2035,Tarvij Sanat parsian co,2
2036,Tasisati abad kar company,1
2037,Tavan Afza Behboud,1
2038,Tavan sanat parsis arya,1
2039,Tavanmand Sazi Nirouhaye Mosallah,1
2040,Tavon kar refah ejtemaei khorasan,1
2041,Tavoni Hami Eghtesad SalamatTirazis,2
2042,Tavoni etebar gorohi iran khodro,11
2043,Tavoni khadamato taksama co,1
2044,Tavoni masraf tamin ejtemaei,4
2045,Tavoni tolid bargh azr niro co,1
2046,Tavoni tos khorasan co,1
2047,Taxi Bisim seiro Safar Mashayekh Salamat Barana,1
2048,Taxi bisim tehran,2
2049,Tazamoni Hasan Nam Avar Va Shoraka,1
2050,Tazamoni ali torkashvand shoraka,1
2051,Tazamoni sarafi eslami va shoraka,1
2052,Tazamoni shahin akhbari-shoraka,1
2053,Tazeh Daneh,1
2054,Teb azma company,2
2055,Teb kar azarbayjan co,1
2056,Technologyi bargh nader,2
2057,Tehran EDU 2,3
2058,Tehran Municipality ICT Organization,120
2059,Tehran Waste Water,1
2060,Tehran internet,3
2061,Tejarat Electronic Parsian Co.,10536
2062,Tejarat Electronic va Fannavariye Etka,242
2063,Tejarat Fajre Seir Co,2
2064,Tejarat electoronic amn moj co,1
2065,Tejarat electoronic borna sepahan,3
2066,Tejarat electoronic sarpoulak co,1
2067,Tejarat gostar moj co,285
2068,Tejarat pishegan yasin,2
2069,Tejarat tozie adib gostar iranian,1000
2070,Tejarati fani dena shiraz co,1
2071,Telcom masafat co,1
2072,Tele Cabin Tochal,6
2073,Terafic- hamlonaghl shahrdari,1
2074,Teraktorsazi iran company,3
2075,Teran Part Tipax Co,1
2076,Tiam pakhsh gostar,2
2077,Timar makian,2
2078,Tina zarf borojerd co,1
2079,Tirazheh gostar kish co,4
2080,Tiva gostar derakhshan co,1
2081,Tolica tarh co,1
2082,Tolid Barghe Azarbaijan Sharghi,2
2083,Tolid NirouyeJonoub Gharb Saba,5
2084,Tolid ghataat khavar co,1
2085,Tolid lastik karan company,1
2086,Tolid pomohaye bozorg torbinhaye ab,1
2087,Tolid systemhaye ehyaye nozad,6
2088,Tolid toseh niro parseh,1
2089,Tolidi Laei Asl,1
2090,Tolidi bazargani sina kolon,1
2091,Tolidi chodan sazan co,1
2092,Tolidi ghatat mehvari khorasan co,1
2093,Tolidi kabl ravan company,1
2094,Tolidi kaghaz kar tehran co,1
2095,Tolidi mansoj kian co,1
2096,Tolidi masaleh sakhtemani yasoran,1
2097,Tolidi mikh va parch almas golestan,1
2098,Tolidi nasr zoghal company,1
2099,Tolidi pich va mohreh gijin,5
2100,Tolidi poshak ronak jin pishro,1
2101,Tolidi reza nakh co,1
2102,Tolidi sanati etehad pelast alborz,1
2103,Tolidi sanaye rang razin pars alvan,1
2104,Tolidi saveh co,1
2105,Tolidi va sanati pakshoma,2
2106,Toliu setareh jonob,1
2107,Tolo farday iranian,8
2108,Tolombeh sazan tabriz,1
2109,Toloue Teravat Tabiat Teb Co,7
2110,Torang chap,1
2111,Torbo komperso tak khavarmiyaneh,2
2112,Tosan sanat apadana co,1
2113,Tosan setareh pakhsh kish co,5
2114,Tose Azad Pasargad,1
2115,Tose Sanaat Nassaji Azaran,1
2116,Tose Vousheh Khavarmiyaneh- Shiraz,5
2117,Tose fono atiyeh,1
2118,Tose maaden va sanaye madani korde,1
2119,Tose pardazan khoshnam Azar Co,1
2120,Tose'e Andishan Paydar Ertebatat Selloli,12
2121,Tose'e Ertebatat Traffici Mashhad,14
2122,Tose'e Etebar Sanji Shahr,2
2123,Tose'e Polimer Kangan,5
2124,Tose'e noavari shahr,1
2125,Tosee Andish Sepand Company,2
2126,Tosee Ertebatat Atrisa,1
2127,Tosee Gostar Helal Khavaremiyaneh,7
2128,Tosee Khadamat Electronic Adonis,5
2129,Tosee Khadamat Zir Banaei,2
2130,Toseh ab-khak armani co,1
2131,Toseh andisheh madar nafis co,1
2132,Toseh bazargani khanjani,2
2133,Toseh darman fartak co,1
2134,Toseh eideh negar system,77
2135,Toseh enerji bargh khavarmiyaneh co,1
2136,Toseh enerji pak pouyesh persian co,1
2137,Toseh ertebat yadegar novin,2
2138,Toseh fan afzar tosan co,97
2139,Toseh fanavari borna parseh co,1
2140,Toseh fanavari ertebatat pasargad,828
2141,Toseh garan narm afzar azarbayjan,1
2142,Toseh gostar eghtesad pouya,1
2143,Toseh kimiyaye saadat co,1
2144,Toseh modiriat va sarayehgozari co,1
2145,Toseh nama co,1
2146,Toseh niromand enerzhi co,1
2147,Toseh pakhsh kalaye boghcheh st,1
2148,Toseh paydar axon co,1
2149,Toseh rah ahan aria co,1
2150,Toseh sanat naft gaz pershia,1
2151,Toseh sanat tejarat arian pazh co,1
2152,Toseh sanati moshfegh,1
2153,Toseh sanati notash nasir co,1
2154,Toseh sarmayeh ensani arya sabin,1
2155,Toseh sazehaye sadid,1
2156,Toseh sepehr elahiyeh co,1
2157,Toseh system sanay shargh,2
2158,Toseh tajhiz pelasmaye novin co,1
2159,Toseh tajhizat khatam,2
2160,Toseh tejarat ARK TABRIZ CO,300
2161,Toseh tejarat sanyar co,2
2162,Toseh toka pars co,1
2163,Tosehei marakez dadehei novin,2
2164,Tosie  Barghe Gharbe Mazandaran,9
2165,Tosie Nirouye Barghe Hamedan,1
2166,Tosie Nirouye Barghe Ostan Alborz,1
2167,Tosie Nirouye Barghe Ostan Esfahan,2
2168,Tosie Nirouye Barghe Ostan Semnan,1
2169,Tosie Nirouye Barghe khuzestan,2
2170,Tosie Niroye Bargh Ostan Boshehr,1
2171,Tosse Ertebatat poya pardaz rayaneh,1
2172,Tosse Saderat Iran Bank,252
2173,Total & P Iran,1
2174,Tourbin haye San'ati Ghadir Yazd Co,1
2175,Tous fadak co,1
2176,Tousan Paskhsh Setareye Kish,2
2177,Toyor paeizan abhar co,1
2178,Tozi Nirouye Bargh Khouzestan,47
2179,Tozie Barghe Shahrestane Isfahan,2
2180,Tozie Nirouye Bargh Mashhad,8
2181,Tozie Nirouye Bargh Ostan Hamedan,2
2182,Tozie Nirouye Bargh Tabriz,20
2183,Tozie Nirouye Bargh shiraz,3
2184,Tozie daro pakhsh co,2
2185,Tozie niroye bargh ostan lorstan,1
2186,Tozie niroye bargh ostan yazd,2
2187,Toziye Nirouye Bargh Ostan Fars,50
2188,Toziye Nirouye Bargh Ostan Lorestan,1
2189,Toziye Nirouye Bargh Ostan khorasan jonobi,1
2190,Urban Development and Revitalization Corporation,1
2191,Vahaj Sanat Mobin Co,2
2192,Vala nik kimia,1
2193,Vali Asr Doctors Group of Tabriz International Hospital,1
2194,Varaghhaye simani alyafdar nab co,1
2195,Varzesh va javanan andimeshk,1
2196,Vazheh mashin co,1
2197,Vezarat Rah Va Tarabari,1
2198,Vezarat behdasht darman amozesh,5
2199,Vezarat ertebatat va fanavari etelaat,1
2200,Vezarat olom tahghighat va fanavari,800
2201,Vezarat omor eghtesadi va daraei,36
2202,Vian davar co,1
2203,Vista Asan Poush Co,1
2204,Vista sanat persian co,2
2205,Vista system parsam,1
2206,Vodja 182087,1
2207,Vodja 801325,320
2208,Vzarat Etelaat Va Fanavari Etelaat,323
2209,West Azerbaijan University of Medical Sciences(EMC),239
2210,Yadman bardia co,1
2211,Yaghot sabz iranian,1
2212,Yas koh noor kish-mashhad,3
2213,Yekta Negin Kaveh,2
2214,Yekta sanat samin co,1
2215,Yektaz siklet kavir,1
2216,Zagros pardis kish co,1
2217,Zanjan peyriz co,1
2218,Zar barg tamin co,2
2219,Zar mehr5 marlik company,1
2220,Zar pakhsh lorestan co,2
2221,Zarf bast kimia co,1
2222,Zarin dagh Astarakan Co,5
2223,Zarin folad kian pars co,1
2224,Zarin ghazali dayti,2
2225,Zarin sakht sanabad mashhad co,1
2226,Zarinpal,1
2227,Zharf ab avid co,1
2228,Zharf aein part co,2
2229,Zharf negar javan shahr,1
2230,Zhik sazeh electronic co,1
2231,Zhivadan international,2
2232,Zhivar Faragostar Daria Electronic,3
2233,Ziba sazeh dornik co,1
2234,Zir Sakht Amn Khadamat Tarakeshi,645
2235,Zist Andish Pishgam,15
2236,Zist Orkid Farmad,5
2237,Zist Orkid Farmed,3
2238,Zist fanavari tayeba co,1
2239,Zist pardazesh arya co,1
2240,Zob nasoz iranian co,2
2241,ab manteghei hormozgan,1
2242,abo fazelab khouzestan,8
2243,aderan sanat amir,1
2244,alman sivil aria,3
2245,amadeh laziz,22
2246,amozeshkadeh fani amir kabir- arak,9
2247,anam enerji gostaran,1
2248,anestitometabolism,1
2249,anformatik rahbar,1
2250,arian mahvareh,12
2251,arian setak andish,1
2252,ariya amod apadana,2
2253,arshia elka,1
2254,arshsazan alborz,1
2255,asan rah alborz,2
2256,ava pezeshk iranian,2
2257,avan tava tav,1
2258,azar pinar,1
2259,bahar,8
2260,bahar samaneh shargh,3
2261,bahre bardari namayeshgah haye beynolmelali shahr aftab tehran,2
2262,bank refah kargaran,58
2263,bank refah kargaran ostan fars,40
2264,bank sanaaat o madan,205
2265,bank sarmayeh,57
2266,bar farbari radmehr omid,1
2267,barsaz rouydad pars,3
2268,baz afarinan shahr sabz sepahan,1
2269,behavaran seir rezvan,3
2270,behdad tejarat sepehr pooyan,2
2271,behta tafakor nab salamt,1
2272,behzisti ostan azarbayjan sharghi,1
2273,behzisti ostan kermanshah,1
2274,bimeh sina,35
2275,bitak company,1
2276,bonyad mostazafan khorasan razavi,3
2277,bonyad taavon setad e niruhaye mosalah,4
2278,borna fonon pars,1
2279,chargoon Co,2
2280,control tozin pand,2
2281,dadeh pardazi nik afarin,1
2282,daneshgah olom pezeshki esfahan,401
2283,daro sazi jaber ebne hayan,1
2284,darou gostar pars kimiya,1
2285,darou sazi zahravi,1
2286,derakht zendgi ertebet tehran,24
2287,edareh kol omor maliyati,1
2288,eide gozin ertebatat romak,84
2289,eideh negaran toseh pars,1
2290,enerji sazan jahanshahr,1
2291,eskan iran,1
2292,eskan sazan peybeton,1
2293,exir danesh pars,1
2294,fan najetesfahan,1
2295,fanavaran zanjan system payam,40
2296,fanavari etelaat gardeshgari iran,2
2297,fanavari etelat iran,50
2298,fanavari-zisti tabiat gara,1
2299,fani va mohandesi jam gostar foruzan ariyayi,2
2300,fanoos dehkadeh ertebatat,1
2301,faravardehhaye labani bel sahar co,1
2302,fava sari,27
2303,fazaye sabz shahrdari tabriz,2
2304,fazl azarbayjan,1
2305,fedrasion varzeshi,1
2306,foolad gostarn sana estil,1
2307,fooman shimi,1
2308,foroshgah zanjirei ofogh koroush,1029
2309,forushgahe zanjireie hayat,102
2310,gaz ostan khorasan razavi,21
2311,ghand lorestan,2
2312,ghare bagh,1
2313,ghom rayaneh,400
2314,golpakhsh aval,1
2315,golrang tarabar qazvin,1
2316,gostaresh mashaghel ghasedak,1
2317,hamlo naghl iran bolgharestan,1
2318,hamlo naghl tofangsaz tarabar sepah,2
2319,hamlonaghl javan seir isar,35
2320,hamshahri,1
2321,havadeso foriyathaye yasouj,2
2322,hedayat daghigh samaneh,1
2323,hengar say,1
2324,hotelhaye beynolmeleli kosar,1
2325,houshmand sanaat arshai,106
2326,hyper market haye maf pars,3
2327,iman shabakeh houshmand,2
2328,insig,3
2329,iran novinn kish,1
2330,jahan baygan,1
2331,javan seir isar bushehr,6
2332,jazb setareh,2
2333,kani gostar pooyan,1
2334,kanon parvaresh fekriye kodakan,2
2335,kanoon jahangari o otomibilrani,1
2336,karafarinan tose mihan mandegar,1
2337,kargozari bank sepah,1
2338,kargozari farabi co,2
2339,karkiano afarin aryana,1
2340,karno vazin sarir,2
2341,ketab gostar,1
2342,khadamat mosaferati va zibaeiha,1
2343,khadamat technology huawei iranian,204
2344,khadamati karkonan salafchegan Co,1
2345,khak beton va josh vira pey azma,1
2346,khanehsazi parsman sazeh,1
2347,khoshkbar bina,2
2348,kimiya padideh tij,1
2349,kolor pars,2
2350,komite emdad azarbayjan sharghi,19
2351,kozo pars,2
2352,lidoma,1
2353,majmae jahani solh jahani,1
2354,mapna tabasom,15
2355,markaz amar ghove ghazaiyeh,10
2356,markazi astan ghods razavi,52
2357,matris,1
2358,mayadin miveh o tarebar Mashhad,11
2359,mehr aflak aria neyshabour,12
2360,mehr gasht marlik,1
2361,mehr pardaz alborz,25
2362,mehravaran,1300
2363,mehre farhang,5
2364,mitsui,11
2365,moassese espadan,2
2366,moavenat behdashti oloum pezeshki,6
2367,modiran shabake kara system,20
2368,mohandesi matin electronic tarah,1
2369,mohandesi ofogh tosee saberin,5
2370,mohandesi sanaye naghliye khodro,1
2371,mohandesi shabakehaye bargh,1
2372,mohandesi va tarahi hampa enerzhi,2
2373,moj basir iranian,1
2374,moj houshmand,15
2375,mojtamae gaz pars jonoubi,17
2376,nakhl bon iranian,1
2377,namvarsystem anzali,1
2378,narm afzari datis arian gheshm,51
2379,negaresh tabligh no,3
2380,negin sadaf tous,1
2381,nik aein teb,2
2382,nimeh hadi sina,1
2383,nosazi sanaye iranian mana,1
2384,ofogh tjarat daryan,1
2385,oil lndustry investment co,2
2386,olom pezeshki shahrod,1
2387,orom narin company,1
2388,ostandari azarbayjan sharghi,15
2389,padideh gol bakhtar,1
2390,pajouheshgah zelzeleshenasi,1
2391,pajuheshkade farhang va honar eslami,4
2392,pakhsh alborz,1
2393,pakhsh narmak pars,1
2394,palayesh gaz khangiran,2
2395,palayesh nojan mehr,1
2396,paliz tejarat rosha,4
2397,parand parvaz tav,1
2398,pardakht electronic bank pasargad,285
2399,pardisan rayaneh system,2
2400,pars ahd mandegar,1
2401,pars sahand radiator,1
2402,pars tavangar sanat,1
2403,parsian bank,1
2404,parsian hava kar,1
2405,part ava control co.,1
2406,paydar abnyeh sholaml,1
2407,payesh armaghan yaran,80
2408,pazhohesh va Tose-e nagi,550
2409,pazhuhesh sanat modern group,1
2410,petro pars iran,3
2411,petro tamin ariyana,1
2412,pexeshki ghanuniye ostan zanjan,7
2413,pezeshki ghanuni kordestan,14
2414,pg pars,1
2415,pholad technic,1
2416,pober,10
2417,poli poropilane jam,1
2418,pouya Aflak Sepehr co,2
2419,pouya electronic pardis,2
2420,rahbord modiran kish,1
2421,rahkarhaye hamrah karina,5
2422,razan tejarat hounam,1
2423,roz pelastik kar,2
2424,saba shahd pasargad,1
2425,sabalan barghmid,1
2426,saberine kish,100
2427,sadid tejarat persia,1
2428,sahami bargh mantaghehei pars,175
2429,sahnd azar mehr,1
2430,sailav sazeh azarbaiyjan,1
2431,salamat pakhsh hasti,1
2432,saman bank,856
2433,sana sazeh tohid co,1
2434,sanam industrial & commercial co,11
2435,sanat madan tejart hormozgan,1
2436,sanat madan va tejarat esfahan,1
2437,sanat madan va tejarat sistan va balochestan,1
2438,sanat madan va trjarat yazd,1
2439,sanat mansour,1
2440,sanati namadin tarh,3
2441,sanati va madani khod kafayan madan,1
2442,sanaye bal co,2
2443,sanaye chini zarin iran,2
2444,sanaye ghazaei behrouz nik,3
2445,sanaye ghazaii perperouk,4
2446,sanaye shimiyaei ghafari,4
2447,sanayeh nasaji mihan mehr,2
2448,sanddoghe gharzolhasane karkonan,19
2449,sarafi shahr,1
2450,sarmaegozari maskan jonoub,2
2451,sarmayeh gozari maskan jonob-kish,1
2452,sarzaminkharid,650
2453,sazman boors va oragh bahadar,22
2454,sazman enteghal khon Khorasan,3
2455,sazman farhangi shahrdari,2
2456,sazman joghrafiyaei,8
2457,sazman mirase farhangi gardeshgari,1
2458,sazman omran tosee ghaemshahr,1
2459,sazman otobosrani mashhad,149
2460,sazman shahrdari shiraz,28
2461,sepid makian co,39
2462,sepidan sanat yekta,1
2463,shahed univercity,1
2464,shahrdari ahvaz,2
2465,shahrdari esfahan,8
2466,shahrdari ghazvin,1
2467,shahrdari mantgheh 3 mashhad,4
2468,shahrdari mashhad,10
2469,shahrdari tahran,634
2470,sharbod afrah,1
2471,shekoufa manesh,2
2472,sherkat pajohesh tose naji,1969
2473,sherkat tazamoni,1
2474,sherkat tolidi poli oreh tan iran,1
2475,shilat khuzestan,6
2476,shora tadbir,1
2477,siman kavir kashan,1
2478,sorc,14
2479,soziana,303
2480,spilet co.,1
2481,tadbir nikan iranian,1
2482,tadbir omran jam,1
2483,taghziye farnam,4
2484,taj hasht tarbiyat rahimi,24
2485,talash khodro iranian,2
2486,talie fonoun giti,1150
2487,tamin ejtemaii nirouhaye mosalah,30
2488,tamin sarmayeh sepehr,1
2489,tasnim behboud arman co.,4
2490,tehran ferajeh,1
2491,tehran polimer yara co,1
2492,tolid nirou bargh esfahan,1
2493,tolidi azar sang sorkh,1
2494,tolidi donyaye geranol,1
2495,tolidi makhazen gaz tabiei asianama,1
2496,toolid nirooye markazi saba,1
2497,tose andish espdana,28
2498,tose tejarat azizi,1
2499,toseandishan atlas,5
2500,tosedahandegan system ebtekar,1
2501,tosee ertebatat samim rayaneh,1
2502,tosee khadamat electronici narvan,1010
2503,tosee noavari shahr company,4
2504,tosse garan fanavari asrenovin,5
2505,tozi konandegan masaleh S.Esfahan,1
2506,tozi va Pakhsh satrap dina,1
2507,vezarat defa,1
2508,vezarat omor eghtesad va daraei,2
2509,yekta pakandishan tehran,1
2510,zafaran saharkhiz,2
2511,zanjan rah saz,1
2512,حمل و نقل بام شاد,1
2513,داده نگار ماتريس,1
2514,دانشگاه علوم پزشکي شوشتر,1
2515,دیجیتال گستر پارسیان,1
2516,شرکت مهندسي پزشکي توسن تجهيز,1
2517,پيمايش گستر توس,1
